Company Name,Model Name,Mobile Weight,RAM,Front Camera,Back Camera,Processor,Battery Capacity,Screen size,Launched Price (USA),Launched Year,Id
Honor,MagicPad 13,590,12,8,13,Qualcomm Snapdragon 8+ Gen 1,10000,13.0,799,2023,1
Poco,Pad 5G 128GB,571,8,8,8,Snapdragon 7s Gen 2,10000,12.1,280,2024,2
Poco,Pad 5G 256GB,571,8,8,8,Snapdragon 7s Gen 2,10000,12.1,300,2024,3
Huawei,MatePad Pro 12.2 512GB,508,12,16,13,Kirin 9000S,10100,12.2,999,2024,4
Huawei,MatePad Pro 13.2 512GB,580,12,16,13,Kirin 9000S,10100,13.2,877,2024,5
Apple,iPad Pro 13-inch 128GB,708,6,7,12,A12Z Bionic,10307,13,1099,2020,6
Apple,iPad Pro 13-inch 256GB,708,6,7,12,A12Z Bionic,10307,13,1199,2020,7
Apple,iPad Pro 13-inch 512GB,708,6,7,12,A12Z Bionic,10307,13,1399,2020,8
Apple,iPad Pro 13-inch 1TB,708,6,7,12,A12Z Bionic,10307,13,1599,2020,9
Apple,iPad Pro 13-inch 2TB,708,6,7,12,A12Z Bionic,10307,13,1799,2020,10
Honor,MagicPad 2,580,16,12,16,Qualcomm Snapdragon 8 Gen 2,10500,13.2,899,2024,11
Honor,Pad GT Pro,610,12,12,16,Qualcomm Snapdragon 8 Gen 3,10500,13.5,999,2024,12
Honor,MagicPad 3,590,12,12,16,Qualcomm Snapdragon 8 Gen 3,10500,13,799,2024,13
Samsung,Galaxy Tab S9+ 256GB,586,12,12,13,Snapdragon 8 Gen 2,10090,12.4,999,2023,14
Samsung,Galaxy Tab S8+ 256GB,567,8,12,13,Snapdragon 8 Gen 1,10090,12.4,899,2022,15
OnePlus,OnePlus Pad Pro,610,12,16,50,Snapdragon 8 Gen 3,11000,12.4,799,2024,16
Samsung,Galaxy Tab S9 Ultra 256GB,732,12,12,13,Snapdragon 8 Gen 2,11200,14.6,1199,2023,17
Samsung,Galaxy Tab S8 Ultra 256GB,726,12,12,13,Snapdragon 8 Gen 1,11200,14.6,1099,2022,18
Apple,iPhone 12 mini 64GB,135,4,12,12,A14 Bionic,2227,5.4,699,2020,19
Apple,iPhone 12 mini 128GB,135,4,12,12,A14 Bionic,2227,5.4,799,2020,20
Apple,iPhone 12 mini 256GB,135,4,12,12,A14 Bionic,2227,5.4,899,2020,21
Apple,iPhone 13 mini 128GB,140,4,12,12,A15 Bionic,2438,5.4,699,2021,22
Apple,iPhone 13 mini 256GB,140,4,12,12,A15 Bionic,2438,5.4,799,2021,23
Apple,iPhone 13 mini 512GB,140,4,12,12,A15 Bionic,2438,5.4,899,2021,24
Apple,iPhone XS 64GB,177,4,7,12,A12 Bionic,2658,5.8,999,2018,25
Apple,iPhone XS 256GB,177,4,7,12,A12 Bionic,2658,5.8,1099,2018,26
Apple,iPhone XS 512GB,177,4,7,12,A12 Bionic,2658,5.8,1299,2018,27
Apple,iPhone X 64GB,174,3,7,12,A11 Bionic,2716,5.8,999,2017,28
Apple,iPhone X 256GB,174,3,7,12,A11 Bionic,2716,5.8,1099,2017,29
Google,Pixel 4 64GB,162,6,8,12,Snapdragon 855,2800,5.7,799,2019,30
Apple,iPhone 12 64GB,164,4,12,12,A14 Bionic,2815,6.1,799,2020,31
Apple,iPhone 12 128GB,164,4,12,12,A14 Bionic,2815,6.1,899,2020,32
Apple,iPhone 12 256GB,164,4,12,12,A14 Bionic,2815,6.1,999,2020,33
Apple,iPhone 12 Pro 128GB,189,6,12,12,A14 Bionic,2815,6.1,999,2020,34
Apple,iPhone 12 Pro 256GB,189,6,12,12,A14 Bionic,2815,6.1,1099,2020,35
Apple,iPhone 12 Pro 512GB,189,6,12,12,A14 Bionic,2815,6.1,1199,2020,36
Apple,iPhone XR 64GB,194,3,7,12,A12 Bionic,2942,6.1,749,2018,37
Apple,iPhone XR 128GB,194,3,7,12,A12 Bionic,2942,6.1,799,2018,38
Apple,iPhone XR 256GB,194,3,7,12,A12 Bionic,2942,6.1,899,2018,39
Vivo,X3S 16GB,153,1,5,13,MediaTek MT6592,2000,5.0,139,2014,40
Vivo,X5Max 16GB,146,2,5,13,Snapdragon 615,2300,5.5,199,2014,41
Samsung,Galaxy C5 32GB,143,4,8,16,Snapdragon 617,2600,5.2,249,2016,42
Apple,iPhone 11 Pro 64GB,188,4,12,12,A13 Bionic,3046,5.8,999,2019,43
Apple,iPhone 11 Pro 256GB,188,4,12,12,A13 Bionic,3046,5.8,1099,2019,44
Apple,iPhone 11 Pro 512GB,188,4,12,12,A13 Bionic,3046,5.8,1199,2019,45
Apple,iPhone 13 Pro 128GB,204,6,12,12,A15 Bionic,3095,6.1,999,2021,46
Apple,iPhone 13 Pro 256GB,204,6,12,12,A15 Bionic,3095,6.1,1099,2021,47
Apple,iPhone 13 Pro 512GB,204,6,12,12,A15 Bionic,3095,6.1,1199,2021,48
Apple,iPhone 11 64GB,194,4,12,12,A13 Bionic,3110,6.1,699,2019,49
Apple,iPhone 11 128GB,194,4,12,12,A13 Bionic,3110,6.1,799,2019,50
Apple,iPhone 11 256GB,194,4,12,12,A13 Bionic,3110,6.1,899,2019,51
Apple,iPhone XS Max 64GB,208,4,7,12,A12 Bionic,3174,6.5,1099,2018,52
Apple,iPhone XS Max 256GB,208,4,7,12,A12 Bionic,3174,6.5,1249,2018,53
Apple,iPhone XS Max 512GB,208,4,7,12,A12 Bionic,3174,6.5,1399,2018,54
Apple,iPhone 15 128GB,171,6,12,48,A16 Bionic,3200,6.1,799,2023,55
Apple,iPhone 15 256GB,171,6,12,48,A16 Bionic,3200,6.1,849,2023,56
Apple,iPhone 15 512GB,171,6,12,48,A16 Bionic,3200,6.1,949,2023,57
Apple,iPhone 14 128GB,172,6,12,12,A15 Bionic,3200,6.1,799,2022,58
Apple,iPhone 14 256GB,172,6,12,12,A15 Bionic,3200,6.1,849,2022,59
Apple,iPhone 14 512GB,172,6,12,12,A15 Bionic,3200,6.1,949,2022,60
Apple,iPhone 13 128GB,174,4,12,12,A15 Bionic,3240,6.1,799,2021,61
Apple,iPhone 13 256GB,174,4,12,12,A15 Bionic,3240,6.1,899,2021,62
Apple,iPhone 13 512GB,174,4,12,12,A15 Bionic,3240,6.1,999,2021,63
Lenovo,Z5 Pro 64GB,210,6,16,16,Snapdragon 710,3350,6.39,299,2018,64
Motorola,Razr 128GB,192,8,32,50,Snapdragon 8+ Gen 1,3500,6.7,999,2023,65
Motorola,Razr 256GB,192,12,32,50,Snapdragon 8+ Gen 1,3500,6.7,1099,2023,66
Motorola,One Vision 3 128GB,180,6,25,48,Exynos 9609,3500,6.3,299,2024,67
Motorola,One Vision 3 256GB,180,8,25,48,Exynos 9609,3500,6.3,349,2024,68
Apple,iPhone 16 128GB,174,6,12,48,A17 Bionic,3600,6.1,799,2024,69
Apple,iPhone 16 256GB,174,6,12,48,A17 Bionic,3600,6.1,849,2024,70
Apple,iPhone 16 512GB,174,6,12,48,A17 Bionic,3600,6.1,899,2024,71
Apple,iPhone 12 Pro Max 128GB,228,6,12,12,A14 Bionic,3687,6.7,1099,2020,72
Apple,iPhone 12 Pro Max 256GB,228,6,12,12,A14 Bionic,3687,6.7,1199,2020,73
Apple,iPhone 12 Pro Max 512GB,228,6,12,12,A14 Bionic,3687,6.7,1399,2020,74
Honor,9X Lite,175,4,8,48,Kirin 710F,3750,6.5,219,2020,75
Motorola,Razr 50 256GB,188,8,32,50,Snapdragon 7 Gen 1,3800,6.7,999,2024,76
Honor,Play 5,179,8,16,64,MediaTek Dimensity 800U,3800,6.53,319,2021,77
Apple,iPhone 11 Pro Max 64GB,226,4,12,12,A13 Bionic,3969,6.5,1099,2019,78
Apple,iPhone 11 Pro Max 256GB,226,4,12,12,A13 Bionic,3969,6.5,1199,2019,79
Apple,iPhone 11 Pro Max 512GB,226,4,12,12,A13 Bionic,3969,6.5,1399,2019,80
Samsung,Galaxy Xcover 5 64GB,172,4,5,16,Exynos 850,3000,5.3,249,2020,81
Samsung,Galaxy J4 16GB,175,2,5,13,Exynos 7570,3000,5.5,129,2018,82
Vivo,V3 Max 32GB,168,4,8,13,Snapdragon 652,3000,5.5,179,2016,83
Vivo,Y66 32GB,155,3,16,13,Snapdragon 430,3000,5.5,179,2017,84
Vivo,V5 Plus 64GB,158,4,20,16,Snapdragon 625,3055,5.5,249,2017,85
Vivo,X21 128GB,156,6,12,12,Qualcomm Snapdragon 660,3200,6.28,349,2018,86
Vivo,X21 64GB,156,4,12,12,Qualcomm Snapdragon 660,3200,6.28,299,2018,87
Vivo,V9 64GB,150,4,24,16,Snapdragon 626,3260,6.3,219,2018,88
Vivo,Y81 32GB,146,3,5,13,MediaTek Helio P22,3260,6.22,149,2018,89
Samsung,Galaxy J6+ 64GB,178,4,8,13,Snapdragon 425,3300,6.0,169,2018,90
Samsung,Galaxy C7 Pro 64GB,165,4,16,16,Snapdragon 625,3300,5.7,299,2017,91
OnePlus,OnePlus 5T Star Wars Edition 128GB,162,6,16,16,Snapdragon 835,3300,6.01,649,2017,92
OnePlus,OnePlus 6 Special Edition 128GB,177,6,16,20,Snapdragon 845,3300,6.28,599,2018,93
OnePlus,OnePlus 5 Special Edition 128GB,155,8,16,20,Snapdragon 835,3300,5.5,599,2017,94
Vivo,Z3 64GB,162,6,12,16,Snapdragon 710,3315,6.3,249,2018,95
Samsung,Galaxy Note 10 256GB,168,8,10,12,Exynos 9825,3500,6.3,949,2019,96
Samsung,Galaxy Note 10 128GB,168,8,10,12,Exynos 9825,3500,6.3,899,2019,97
Samsung,Galaxy J8 64GB,191,4,16,16,Snapdragon 450,3500,6.0,199,2018,98
Samsung,Galaxy J7 Pro 64GB,181,3,13,13,Exynos 7870,3600,5.5,179,2017,99
Samsung,Galaxy Z Flip 5 256GB,187,8,12,12,Snapdragon 8 Gen 2,3700,6.7,999,2023,100
Samsung,Galaxy Z Flip 5 512GB,187,8,12,12,Snapdragon 8 Gen 2,3700,6.7,1099,2023,101
Samsung,Galaxy Z Flip 4 256GB,187,8,10,12,Snapdragon 8 Gen 1,3700,6.7,999,2022,102
Samsung,Galaxy Z Flip 4 512GB,187,8,10,12,Snapdragon 8 Gen 1,3700,6.7,1099,2022,103
OnePlus,OnePlus 7R 128GB,190,6,16,48,Snapdragon 855,3700,6.41,599,2020,104
OnePlus,OnePlus 6T McLaren Edition 256GB,185,10,16,20,Snapdragon 845,3700,6.41,799,2018,105
Vivo,V15 Pro 128GB,185,6,32,48,Qualcomm Snapdragon 675,3700,6.39,399,2019,106
Vivo,V15 Pro 256GB,185,6,32,48,Qualcomm Snapdragon 675,3700,6.39,449,2019,107
Samsung,Galaxy S22 128GB,167,8,10,50,Exynos 2200,3800,6.1,699,2022,108
Samsung,Galaxy S22 256GB,167,8,10,50,Exynos 2200,3800,6.1,799,2022,109
Samsung,Galaxy S23 128GB,168,8,12,50,Snapdragon 8 Gen 2,3900,6.1,799,2023,110
Samsung,Galaxy S23 256GB,168,8,12,50,Snapdragon 8 Gen 2,3900,6.1,899,2023,111
Oppo,Reno4 5G 128GB,183,8,32,48,Snapdragon 765G,4000,6.43,299,2020,112
Oppo,Reno4 5G 256GB,183,8,32,48,Snapdragon 765G,4000,6.43,349,2020,113
Oppo,Reno4 Pro 5G 256GB,172,12,32,48,Snapdragon 765G,4000,6.55,499,2020,114
Oppo,A52 5G 128GB,184,4,8,12,MediaTek Dimensity 720,4000,6.5,169,2020,115
Oppo,A51 5G 128GB,186,4,8,13,MediaTek Dimensity 700,4000,6.5,149,2020,116
Oppo,A50 5G 128GB,185,4,8,13,MediaTek Dimensity 700,4000,6.5,139,2020,117
Oppo,A49 5G 128GB,185,4,8,13,MediaTek Dimensity 700,4000,6.5,129,2020,118
Lenovo,A6 Note 32GB,172,3,5,13,Helio P22,4000,6.09,149,2019,119
Lenovo,Z6 Pro 128GB,185,6,32,48,Snapdragon 855,4000,6.39,429,2019,120
Lenovo,Z6 Pro 256GB,185,8,32,48,Snapdragon 855,4000,6.39,479,2019,121
Motorola,Razr 50 Ultra 512GB,189,12,32,50,Snapdragon 8+ Gen 1,4000,6.9,1199,2024,122
Huawei,P50 Pocket,190,8,10,40,Snapdragon 888 4G,4000,6.9,1299,2021,123
Huawei,Nova 9 Pro,186,8,32,50,Snapdragon 778G 4G,4000,6.72,599,2021,124
Huawei,Nova 10,168,8,60,50,Snapdragon 778G 4G,4000,6.67,499,2022,125
Honor,30,185,8,32,40,Kirin 985 5G,4000,6.53,449,2020,126
Honor,30 Pro,190,8,32,50,Kirin 990 5G,4000,6.57,599,2020,127
Honor,30 Pro+,192,12,32,50,Kirin 990 5G,4000,6.57,699,2020,128
Honor,30S,190,6,16,64,Kirin 820 5G,4000,6.5,349,2020,129
Honor,V40,189,8,16,50,MediaTek Dimensity 1000+,4000,6.72,599,2021,130
Honor,50 Pro,187,8,32,108,Qualcomm Snapdragon 778G,4000,6.72,649,2021,131
Honor,50 SE,191,8,16,108,MediaTek Dimensity 900,4000,6.78,449,2021,132
Honor,X20 SE,179,6,16,64,MediaTek Dimensity 700,4000,6.6,299,2021,133
Honor,X30i,175,6,16,48,MediaTek Dimensity 810,4000,6.7,299,2021,134
Honor,X40i,175,6,8,50,MediaTek Dimensity 700,4000,6.7,279,2022,135
Motorola,Edge 30 Neo 128GB,155,6,32,64,Snapdragon 695 5G,4020,6.28,499,2022,136
Motorola,Edge 30 Neo 256GB,155,8,32,64,Snapdragon 695 5G,4020,6.28,549,2022,137
Motorola,Moto E22i 32GB,169,2,5,16,MediaTek Helio G37,4020,6.5,179,2022,138
Motorola,Moto E22 64GB,169,4,5,16,MediaTek Helio G37,4020,6.5,199,2022,139
Oppo,Reno3 5G 128GB,181,8,32,64,Dimensity 1000L,4025,6.4,249,2019,140
Oppo,Reno3 5G 256GB,181,12,32,64,Dimensity 1000L,4025,6.4,299,2019,141
Oppo,Reno3 Pro 5G 256GB,171,12,32,48,Snapdragon 765G,4025,6.5,499,2019,142
Oppo,K7 5G 128GB,180,8,32,48,Qualcomm Snapdragon 765G,4025,6.4,279,2020,143
Oppo,K7 5G 256GB,180,8,32,48,Qualcomm Snapdragon 765G,4025,6.4,299,2020,144
Oppo,K7 5G 128GB,180,8,32,48,Qualcomm Snapdragon 765G,4025,6.4,279,2020,145
Oppo,A53 5G 128GB,175,4,8,16,MediaTek Dimensity 720,4040,6.5,179,2020,146
Lenovo,K10 Plus 64GB,172,4,16,13,Snapdragon 632,4050,6.22,179,2019,147
Lenovo,K10 Note 64GB,164,4,16,16,Snapdragon 710,4050,6.3,219,2019,148
Lenovo,K10 Note 128GB,164,6,16,16,Snapdragon 710,4050,6.3,249,2019,149
Huawei,P50,181,8,13,50,Snapdragon 888 4G,4100,6.5,699,2021,150
Huawei,P50E,181,8,13,50,Snapdragon 778G 4G,4100,6.5,649,2022,151
Apple,iPhone 16 Plus 128GB,203,6,12,48,A17 Bionic,4200,6.7,899,2024,152
Apple,iPhone 16 Plus 256GB,203,6,12,48,A17 Bionic,4200,6.7,949,2024,153
Apple,iPhone 16 Plus 512GB,203,6,12,48,A17 Bionic,4200,6.7,999,2024,154
Apple,iPhone 14 Pro 128GB,206,6,12,48,A16 Bionic,4200,6.1,1099,2022,155
Apple,iPhone 14 Pro 256GB,206,8,12,48,A16 Bionic,4200,6.1,1199,2022,156
Apple,iPhone 14 Pro 512GB,206,8,12,48,A16 Bionic,4200,6.1,1299,2022,157
Huawei,Mate 40E,188,8,13,64,Kirin 990E 5G,4200,6.5,799,2021,158
Honor,Play 4 Pro,213,8,32,40,Kirin 990 5G,4200,6.57,549,2020,159
Apple,iPhone 15 Plus 128GB,203,6,12,48,A16 Bionic,4300,6.7,899,2023,160
Apple,iPhone 15 Plus 256GB,203,6,12,48,A16 Bionic,4300,6.7,999,2023,161
Apple,iPhone 15 Plus 512GB,203,6,12,48,A16 Bionic,4300,6.7,1049,2023,162
Oppo,Reno6 5G 128GB,182,8,32,64,Dimensity 900,4300,6.43,349,2021,163
Oppo,Reno6 5G 256GB,182,12,32,64,Dimensity 900,4300,6.43,399,2021,164
Oppo,Reno5 5G 128GB,180,8,32,64,Snapdragon 765G,4300,6.43,299,2020,165
Oppo,Reno5 5G 256GB,180,12,32,64,Snapdragon 765G,4300,6.43,349,2020,166
Oppo,K9 5G 128GB,172,8,32,64,Qualcomm Snapdragon 768G,4300,6.43,279,2021,167
Oppo,K9 5G 256GB,172,8,32,64,Qualcomm Snapdragon 768G,4300,6.43,299,2021,168
Oppo,K9 5G 128GB,172,8,32,64,Qualcomm Snapdragon 768G,4300,6.43,279,2021,169
Oppo,K9 5G 256GB,172,8,32,64,Qualcomm Snapdragon 768G,4300,6.43,299,2021,170
Motorola,S50 Neo 256GB,170,8,32,50,MediaTek Dimensity 7200,4300,6.5,300,2024,171
Motorola,S50 Neo 512GB,170,12,32,50,MediaTek Dimensity 7200,4300,6.5,350,2024,172
Huawei,Nova 9,175,8,32,50,Snapdragon 778G 4G,4300,6.57,499,2021,173
Tecno,Phantom V Flip2 256GB,195,8,32,50,MediaTek Dimensity 8050,4300,6.9,999,2024,174
Honor,X10,203,6,16,40,Kirin 820 5G,4300,6.63,319,2020,175
Honor,Play 4,213,6,16,64,MediaTek Dimensity 800,4300,6.81,349,2020,176
Honor,50,175,8,32,108,Qualcomm Snapdragon 778G,4300,6.57,549,2021,177
Honor,X20,192,6,16,64,MediaTek Dimensity 900,4300,6.67,379,2021,178
Honor,60 SE,191,8,16,64,MediaTek Dimensity 900,4300,6.67,449,2021,179
Motorola,Edge 50 Neo 256GB,171,8,32,50,MediaTek Dimensity 7300,4310,6.4,400,2024,180
Motorola,Edge 50 Neo 512GB,171,12,32,50,MediaTek Dimensity 7300,4310,6.4,450,2024,181
Apple,iPhone 14 Plus 128GB,203,6,12,12,A15 Bionic,4325,6.7,899,2022,182
Apple,iPhone 14 Plus 256GB,203,6,12,12,A15 Bionic,4325,6.7,999,2022,183
Apple,iPhone 14 Plus 512GB,203,6,12,12,A15 Bionic,4325,6.7,1049,2022,184
Oppo,Reno5 Pro 5G 128GB,173,8,32,64,Dimensity 1000+,4350,6.55,399,2020,185
Oppo,Reno5 Pro 5G 256GB,173,12,32,64,Dimensity 1000+,4350,6.55,449,2020,186
Apple,iPhone 13 Pro Max 128GB,238,6,12,12,A15 Bionic,4352,6.7,1099,2021,187
Apple,iPhone 13 Pro Max 256GB,238,6,12,12,A15 Bionic,4352,6.7,1199,2021,188
Apple,iPhone 13 Pro Max 512GB,238,6,12,12,A15 Bionic,4352,6.7,1399,2021,189
Huawei,P50 Pro,195,8,13,50,Snapdragon 888 4G,4360,6.6,899,2021,190
Apple,iPhone 16 Pro 128GB,206,6,12,50,A17 Pro,4400,6.1,999,2024,191
Apple,iPhone 16 Pro 256GB,206,8,12,50,A17 Pro,4400,6.1,1049,2024,192
Apple,iPhone 16 Pro 512GB,206,8,12,50,A17 Pro,4400,6.1,1099,2024,193
Apple,iPhone 15 Pro 128GB,206,6,12,48,A16 Bionic,4400,6.1,1099,2023,194
Apple,iPhone 15 Pro 256GB,206,8,12,48,A16 Bionic,4400,6.1,1199,2023,195
Apple,iPhone 15 Pro 512GB,206,8,12,48,A16 Bionic,4400,6.1,1299,2023,196
Motorola,Edge 30 Fusion 128GB,168,8,32,50,Snapdragon 888+ 5G,4400,6.55,699,2022,197
Motorola,Edge 30 Fusion 256GB,168,12,32,50,Snapdragon 888+ 5G,4400,6.55,749,2022,198
Huawei,Mate 50,202,8,13,50,Snapdragon 8+ Gen 1 4G,4460,6.7,999,2022,199
Apple,iPhone 16 Pro Max 128GB,221,6,12,48,A17 Pro,4500,6.7,1099,2024,200
Apple,iPhone 16 Pro Max 256GB,221,8,12,48,A17 Pro,4500,6.7,1199,2024,201
Apple,iPhone 16 Pro Max 512GB,221,8,12,48,A17 Pro,4500,6.7,1299,2024,202
Apple,iPhone 15 Pro Max 128GB,221,6,12,48,A16 Bionic,4500,6.7,1199,2023,203
Apple,iPhone 15 Pro Max 256GB,221,8,12,48,A16 Bionic,4500,6.7,1299,2023,204
Apple,iPhone 15 Pro Max 512GB,221,8,12,48,A16 Bionic,4500,6.7,1399,2023,205
Apple,iPhone 14 Pro Max 128GB,221,6,12,48,A16 Bionic,4500,6.7,1199,2022,206
Apple,iPhone 14 Pro Max 256GB,221,8,12,48,A16 Bionic,4500,6.7,1299,2022,207
Apple,iPhone 14 Pro Max 512GB,221,8,12,48,A16 Bionic,4500,6.7,1399,2022,208
Oppo,Reno9 5G 128GB,174,8,32,64,Snapdragon 778G,4500,6.7,449,2022,209
Oppo,Reno9 5G 256GB,174,12,32,64,Snapdragon 778G,4500,6.7,499,2022,210
Oppo,Reno9 Pro 5G 256GB,184,16,32,50,Dimensity 8100,4500,6.7,599,2022,211
Oppo,Reno8 5G 128GB,179,8,32,50,Dimensity 1300,4500,6.4,399,2022,212
Oppo,Reno8 5G 256GB,179,12,32,50,Dimensity 1300,4500,6.4,449,2022,213
Oppo,Reno8 Pro 5G 256GB,183,12,32,50,Dimensity 8100,4500,6.7,549,2022,214
Oppo,Reno8 Pro+ 5G 256GB,195,12,32,50,Dimensity 8100,4500,6.7,599,2022,215
Oppo,Reno7 5G 128GB,173,8,32,64,Dimensity 900,4500,6.4,349,2021,216
Oppo,Reno7 5G 256GB,173,12,32,64,Dimensity 900,4500,6.4,399,2021,217
Oppo,Reno7 Pro 5G 256GB,180,12,32,50,Dimensity 1200,4500,6.55,499,2021,218
Oppo,Reno6 Pro 5G 128GB,177,8,32,64,Dimensity 1200,4500,6.55,449,2021,219
Oppo,Reno6 Pro 5G 256GB,177,12,32,64,Dimensity 1200,4500,6.55,499,2021,220
Oppo,Reno6 Pro+ 5G 256GB,188,12,32,50,Snapdragon 870,4500,6.55,599,2021,221
Oppo,Reno5 Pro+ 5G 256GB,184,12,32,50,Snapdragon 865,4500,6.55,599,2020,222
Oppo,K9 Pro 5G 128GB,180,8,16,64,MediaTek Dimensity 1200,4500,6.43,299,2021,223
Oppo,K9 Pro 5G 256GB,180,12,16,64,MediaTek Dimensity 1200,4500,6.43,329,2021,224
Oppo,K9 Pro 5G 128GB,180,8,16,64,MediaTek Dimensity 1200,4500,6.43,299,2021,225
Oppo,K9 Pro 5G 256GB,180,12,16,64,MediaTek Dimensity 1200,4500,6.43,329,2021,226
Motorola,Edge 50 Pro 128GB,186,8,50,50,Snapdragon 7 Gen 3,4500,6.7,549,2024,227
Motorola,Edge 50 Pro 256GB,186,12,50,50,Snapdragon 7 Gen 3,4500,6.7,599,2024,228
Motorola,Moto S50 128GB,190,8,32,64,MediaTek Dimensity 8100,4500,6.7,300,2024,229
Motorola,Moto S50 256GB,190,12,32,64,MediaTek Dimensity 8100,4500,6.7,350,2024,230
Huawei,Mate X2,295,8,16,50,Kirin 9000 5G,4500,8,2699,2021,231
Huawei,Nova 10 Pro,191,8,60,50,Snapdragon 778G 4G,4500,6.78,599,2022,232
Huawei,Nova 10 SE,184,8,16,108,Snapdragon 680 4G,4500,6.67,399,2022,233
Huawei,Nova 11,168,8,60,50,Snapdragon 778G 4G,4500,6.7,499,2023,234
Huawei,Nova 11 Pro,188,8,60,50,Snapdragon 778G 4G,4500,6.78,599,2023,235
Huawei,Nova 11 Ultra,188,12,60,50,Snapdragon 778G 4G,4500,6.78,699,2023,236
Huawei,Nova 12,168,8,60,50,Kirin 9000S,4500,6.7,499,2024,237
Huawei,Nova 12 Pro,188,8,60,50,Kirin 9000S,4500,6.78,599,2024,238
Infinix,Zero Flip,190,8,32,108,Qualcomm Snapdragon 778G,4500,6.7,399,2024,239
Infinix,Zero 8i 128GB,210,8,16,48,MediaTek Helio G90T,4500,6.85,249,2020,240
Infinix,Zero 8 128GB,205,8,48,64,MediaTek Helio G90T,4500,6.85,279,2020,241
Honor,70 Pro,192,8,50,54,MediaTek Dimensity 8000,4500,6.78,699,2022,242
Honor,70 Pro+,209,12,50,54,MediaTek Dimensity 9000,4500,6.78,799,2022,243
Honor,X50i,179,6,8,100,MediaTek Dimensity 6020,4500,6.7,249,2023,244
Honor,X60i,179,6,8,100,MediaTek Dimensity 6020,4500,6.7,249,2023,245
Oppo,Reno10 Pro 5G 256GB,186,12,32,50,Snapdragon 778G,4600,6.7,599,2023,246
Huawei,Nova 13 256GB,170,8,50,50,Kirin 9000S,4600,6.7,529,2024,247
Huawei,Nova 13 512GB,170,8,50,50,Kirin 9000S,4600,6.7,599,2024,248
Huawei,Nova 13 Pro 256GB,190,8,60,50,Kirin 9000S,4600,6.78,649,2024,249
Huawei,Nova 13 Pro 512GB,190,8,60,50,Kirin 9000S,4600,6.78,729,2024,250
Honor,Magic3,202,8,13,50,Qualcomm Snapdragon 888,4600,6.76,899,2021,251
Honor,Magic3 Pro,213,8,13,50,Qualcomm Snapdragon 888+,4600,6.76,1099,2021,252
Honor,Magic3 Pro+,236,12,13,50,Qualcomm Snapdragon 888+,4600,6.76,1299,2021,253
Honor,Magic4 Pro,215,8,12,50,Qualcomm Snapdragon 8 Gen 1,4600,6.81,1099,2022,254
Honor,Magic4 Ultimate,242,12,12,50,Qualcomm Snapdragon 8 Gen 1,4600,6.81,1299,2022,255
Honor,80 SE,175,8,32,64,MediaTek Dimensity 900,4600,6.67,399,2022,256
Honor,90 SE,175,8,32,64,MediaTek Dimensity 900,4600,6.67,399,2023,257
Xiaomi,Xiaomi 14 256GB,189,12,32,50,Snapdragon 8 Gen 3,4610,6.36,699,2023,258
Xiaomi,Xiaomi 14 512GB,189,12,32,50,Snapdragon 8 Gen 3,4610,6.36,799,2023,259
Google,Pixel 6 128GB,207,8,8,50,Google Tensor,4614,6.4,699,2021,260
Oppo,Reno10 Pro+ 5G 256GB,194,16,32,50,Snapdragon 8+ Gen 1,4700,6.74,699,2023,261
Oppo,Reno9 Pro+ 5G 256GB,192,16,32,50,Snapdragon 8+ Gen 1,4700,6.7,649,2022,262
Motorola,Edge 50 256GB,180,8,32,50,Snapdragon 7s Gen 2,4700,6.7,450,2024,263
Motorola,Edge 50 512GB,180,12,32,50,Snapdragon 7s Gen 2,4700,6.7,500,2024,264
Motorola,Edge 256GB,174,8,32,50,Snapdragon 7s Gen 2,4700,6.7,450,2024,265
Motorola,Edge 512GB,174,12,32,50,Snapdragon 7s Gen 2,4700,6.7,500,2024,266
Huawei,Mate 50 Pro,205,8,13,50,Snapdragon 8+ Gen 1 4G,4700,6.74,1199,2022,267
Huawei,Mate 60,209,12,13,50,Kirin 9000S,4750,6.7,1099,2023,268
Honor,Magic V,288,12,42,50,Qualcomm Snapdragon 8 Gen 1,4750,7.9,1799,2022,269
Huawei,Mate X3,239,12,8,50,Snapdragon 8+ Gen 1 4G,4800,7.85,2499,2023,270
Huawei,Mate X6,241,12,8,50,Kirin 9010,4800,7.93,2499,2024,271
Honor,60,179,8,32,108,Qualcomm Snapdragon 778G,4800,6.67,549,2021,272
Honor,60 Pro,192,8,50,108,Qualcomm Snapdragon 778G+,4800,6.78,649,2021,273
Honor,X30,189,6,16,48,Qualcomm Snapdragon 695,4800,6.81,379,2021,274
Honor,Magic4,199,8,12,50,Qualcomm Snapdragon 8 Gen 1,4800,6.81,899,2022,275
Honor,70,178,8,32,54,Qualcomm Snapdragon 778G+,4800,6.67,549,2022,276
Honor,80,180,8,32,160,Qualcomm Snapdragon 782G,4800,6.67,549,2022,277
Honor,80 Pro,193,12,50,160,Qualcomm Snapdragon 8+ Gen 1,4800,6.78,799,2022,278
Huawei,P60,197,8,13,48,Snapdragon 8+ Gen 1 4G,4815,6.67,999,2023,279
Huawei,Pura 70,220,12,13,50,Kirin 9010,4900,6.8,999,2024,280
Huawei,Mate 70,220,12,13,50,Kirin 9010,4900,6.7,899,2024,281
Samsung,Galaxy S24 128GB,168,8,12,50,Exynos 2400,4000,6.1,799,2024,282
Samsung,Galaxy S24 256GB,168,8,12,50,Exynos 2400,4000,6.1,899,2024,283
Samsung,Galaxy C9 Pro 64GB,189,6,16,16,Snapdragon 653,4000,6.0,399,2016,284
OnePlus,OnePlus 7 Pro 5G 256GB,206,12,16,48,Snapdragon 855,4000,6.67,799,2019,285
OnePlus,OnePlus Nord X 128GB,190,8,32,64,Snapdragon 765G,4000,6.44,299,2020,286
Vivo,X9 Plus 128GB,199,6,20,16,Snapdragon 653,4000,5.88,299,2017,287
Vivo,V15 128GB,190,6,32,48,MediaTek Helio P70,4000,6.53,299,2019,288
Vivo,V15 256GB,190,6,32,48,MediaTek Helio P70,4000,6.53,319,2019,289
Vivo,X27 Pro 128GB,190,8,32,48,Qualcomm Snapdragon 710,4000,6.39,499,2019,290
Vivo,X27 Pro 256GB,190,8,32,48,Qualcomm Snapdragon 710,4000,6.39,549,2019,291
Vivo,V20 Pro 128GB,173,8,44,64,Qualcomm Snapdragon 765G,4000,6.44,499,2020,292
Vivo,V20 Pro 256GB,173,8,44,64,Qualcomm Snapdragon 765G,4000,6.44,549,2020,293
Vivo,Y95 64GB,163,4,20,13,Snapdragon 439,4030,6.22,199,2018,294
Samsung,Galaxy Xcover 6 Pro 128GB,235,6,13,50,Exynos 1380,4050,6.6,499,2022,295
Vivo,V23e 128GB,172,8,50,64,MediaTek Helio G96,4050,6.44,299,2021,296
Vivo,V23e 256GB,172,8,50,64,MediaTek Helio G96,4050,6.44,349,2021,297
OnePlus,OnePlus 7T Pro 5G McLaren Edition 256GB,206,12,16,48,Snapdragon 855,4085,6.67,899,2019,298
Vivo,V40e 128GB,179,8,44,64,Snapdragon 778G,4100,6.44,449,2024,299
Vivo,V17 Pro 128GB,201,8,32,48,Qualcomm Snapdragon 675,4100,6.44,399,2019,300
Vivo,V17 Pro 256GB,201,8,32,48,Qualcomm Snapdragon 675,4100,6.44,429,2019,301
OnePlus,OnePlus Nord 1 128GB,184,6,16,48,Snapdragon 765G,4115,6.44,349,2020,302
Vivo,X60 Pro 256GB,190,12,32,48,Qualcomm Snapdragon 870,4200,6.56,899,2021,303
Vivo,X60 Pro 512GB,190,12,32,48,Qualcomm Snapdragon 870,4200,6.56,999,2021,304
Vivo,X30 Pro 128GB,199,8,32,64,Qualcomm Snapdragon 855,4200,6.44,899,2019,305
Vivo,X30 Pro 256GB,199,8,32,64,Qualcomm Snapdragon 855,4200,6.44,949,2019,306
Vivo,V23 5G 128GB,179,8,50,64,MediaTek Dimensity 920,4200,6.44,499,2022,307
Vivo,V23 5G 256GB,179,8,50,64,MediaTek Dimensity 920,4200,6.44,549,2022,308
Samsung,Galaxy Note 20 128GB,192,8,10,108,Exynos 990,4300,6.7,999,2020,309
Samsung,Galaxy Note 20 256GB,192,8,10,108,Exynos 990,4300,6.7,1099,2020,310
Samsung,Galaxy Note 10+ 256GB,196,12,10,12,Exynos 9825,4300,6.8,1099,2019,311
Samsung,Galaxy Note 10+ 512GB,196,12,10,12,Exynos 9825,4300,6.8,1199,2019,312
OnePlus,OnePlus 8 128GB,180,8,16,48,Snapdragon 865,4300,6.55,699,2020,313
OnePlus,OnePlus Nord N10 5G 128GB,190,6,16,64,Qualcomm Snapdragon 690,4300,6.49,299,2020,314
OnePlus,OnePlus 8R 128GB,192,8,16,48,Snapdragon 865,4300,6.55,649,2020,315
Oppo,Find N3 Flip 256GB,198,12,32,50,MediaTek Dimensity 9200,4300,6.8,999,2023,316
Oppo,Find N2 Flip 256GB,191,8,32,50,Dimensity 9000+,4300,6.8,899,2023,317
Oppo,Find N2 Flip 512GB,191,12,32,50,Dimensity 9000+,4300,6.8,999,2023,318
Samsung,Galaxy Z Fold 5 256GB,254,12,10,50,Snapdragon 8 Gen 2,4400,7.6,1799,2023,319
Samsung,Galaxy Z Fold 5 512GB,254,12,10,50,Snapdragon 8 Gen 2,4400,7.6,1899,2023,320
Samsung,Galaxy Z Fold 4 256GB,263,12,10,50,Snapdragon 8 Gen 1,4400,7.6,1799,2022,321
Samsung,Galaxy Z Fold 4 512GB,263,12,10,50,Snapdragon 8 Gen 1,4400,7.6,1899,2022,322
Samsung,Galaxy Z Fold6 256GB,239,12,10,50,Snapdragon 8 Gen 3,4400,7.6,1899,2024,323
Samsung,Galaxy Z Fold6 512GB,239,12,10,50,Snapdragon 8 Gen 3,4400,7.6,1719,2024,324
Samsung,Galaxy Z Fold6 1TB,239,12,10,50,Snapdragon 8 Gen 3,4400,7.6,2259,2024,325
Vivo,X70 Pro 128GB,185,8,32,50,MediaTek Dimensity 1200,4450,6.56,749,2021,326
Vivo,X70 Pro 256GB,185,8,32,50,MediaTek Dimensity 1200,4450,6.56,799,2021,327
Samsung,Galaxy S22+ 128GB,195,8,10,50,Exynos 2200,4500,6.6,799,2022,328
Samsung,Galaxy S22+ 256GB,195,8,10,50,Exynos 2200,4500,6.6,899,2022,329
Samsung,Galaxy Note 20 Ultra 128GB,208,12,10,108,Exynos 990,4500,6.9,1299,2020,330
Samsung,Galaxy Note 20 Ultra 256GB,208,12,10,108,Exynos 990,4500,6.9,1399,2020,331
Samsung,Galaxy W22 5G 256GB,228,12,10,108,Snapdragon 888,4500,7.6,1499,2021,332
Samsung,Galaxy W21 5G 256GB,229,12,10,108,Snapdragon 888,4500,7.6,1399,2020,333
OnePlus,OnePlus 12R 256GB,203,12,16,50,Snapdragon 8 Gen 2,4500,6.7,699,2024,334
OnePlus,OnePlus 10T 256GB,203,12,16,50,Snapdragon 8+ Gen 1,4500,6.7,749,2022,335
OnePlus,OnePlus 9 Pro 256GB,192,12,16,48,Snapdragon 888,4500,6.7,699,2021,336
OnePlus,OnePlus 9 128GB,183,8,16,48,Snapdragon 888,4500,6.55,599,2021,337
OnePlus,OnePlus Nord 2T 128GB,190,8,32,50,MediaTek Dimensity 1300,4500,6.43,399,2022,338
OnePlus,OnePlus Nord 2 128GB,190,8,32,50,MediaTek Dimensity 1200-AI,4500,6.43,349,2021,339
OnePlus,OnePlus 8T Cyberpunk 2077 Edition 256GB,188,12,16,48,Snapdragon 865,4500,6.55,749,2020,340
OnePlus,OnePlus 9T 128GB,192,8,16,48,Snapdragon 888,4500,6.55,649,2021,341
OnePlus,OnePlus 8T 256GB,188,12,16,48,Snapdragon 865,4500,6.55,599,2020,342
OnePlus,OnePlus 10T 5G 256GB,203,12,16,50,Snapdragon 8+ Gen 1,4500,6.7,749,2022,343
OnePlus,OnePlus 9R 5G 128GB,189,8,16,48,Snapdragon 870,4500,6.55,599,2021,344
OnePlus,OnePlus Nord CE 2 128GB,173,8,16,64,MediaTek Dimensity 1200,4500,6.43,299,2022,345
OnePlus,OnePlus Nord CE 5G 128GB,170,6,16,64,Snapdragon 750G,4500,6.43,299,2021,346
OnePlus,OnePlus Nord 2 5G 128GB,189,8,32,50,MediaTek Dimensity 1200-AI,4500,6.43,399,2021,347
OnePlus,OnePlus 13R 128GB,210,8,16,50,Snapdragon 8 Gen 2,4500,6.7,849,2023,348
OnePlus,OnePlus 10R 128GB,205,8,16,50,MediaTek Dimensity 8100,4500,6.7,599,2022,349
OnePlus,OnePlus 8T Cyberpunk Edition 256GB,188,12,16,48,Snapdragon 865,4500,6.55,799,2020,350
Vivo,Y100 5G 128GB,181,8,16,64,Dimensity 900,4500,6.38,299,2024,351
Vivo,V30 Pro 128GB,192,12,32,64,Dimensity 1100,4500,6.44,549,2024,352
Vivo,V19 128GB,176,8,32,48,Qualcomm Snapdragon 712,4500,6.44,399,2020,353
Vivo,V19 256GB,176,8,32,48,Qualcomm Snapdragon 712,4500,6.44,429,2020,354
Vivo,S1 Pro 128GB,185,6,32,48,MediaTek Helio P65,4500,6.38,249,2019,355
Vivo,S1 Pro 256GB,185,6,32,48,MediaTek Helio P65,4500,6.38,269,2019,356
Vivo,Z1 Pro 64GB,159,4,16,16,Qualcomm Snapdragon 712,4500,6.53,249,2019,357
Vivo,Z1 Pro 128GB,159,6,16,16,Qualcomm Snapdragon 712,4500,6.53,299,2019,358
Vivo,Y100 128GB,190,8,16,64,MediaTek Dimensity 900,4500,6.44,399,2023,359
Vivo,Y100 256GB,190,8,16,64,MediaTek Dimensity 900,4500,6.44,449,2023,360
Vivo,T2 Series 128GB,190,8,16,64,Qualcomm Snapdragon 695,4500,6.44,299,2023,361
Vivo,T2 Series 256GB,190,8,16,64,Qualcomm Snapdragon 695,4500,6.44,349,2023,362
Oppo,F25 Pro 128GB,173,8,32,64,Snapdragon 778G,4500,6.55,549,2023,363
Oppo,F25 Pro 256GB,173,8,32,64,Snapdragon 778G,4500,6.55,599,2023,364
POCO,F4 128GB,195,6,20,64,Snapdragon 870,4500,6.67,349,2022,365
OnePlus,OnePlus 8 Pro 256GB,199,12,16,48,Snapdragon 865,4510,6.78,749,2020,366
OnePlus,OnePlus 8 Pro McLaren Edition 256GB,199,12,16,48,Snapdragon 865,4510,6.78,899,2020,367
Oppo,Find N2 256GB,233,12,32,50,Snapdragon 8+ Gen 1,4520,7.1,1099,2022,368
POCO,F3 128GB,196,6,20,48,Snapdragon 870,4520,6.67,349,2021,369
Vivo,V27 128GB,182,8,50,50,MediaTek Dimensity 8200,4600,6.78,599,2023,370
Vivo,V27 256GB,182,8,50,50,MediaTek Dimensity 8200,4600,6.78,649,2023,371
Vivo,V27 Pro 128GB,182,8,50,50,MediaTek Dimensity 8200,4600,6.78,699,2023,372
Vivo,V27 Pro 256GB,182,8,50,50,MediaTek Dimensity 8200,4600,6.78,749,2023,373
Oppo,Reno12 Pro 512GB,190,12,32,50,MediaTek Dimensity 8200,4600,6.74,749,2024,374
Oppo,Reno11 Pro 512GB,190,12,32,50,MediaTek Dimensity 8200,4600,6.74,699,2024,375
Samsung,Galaxy S23+ 128GB,196,8,12,50,Snapdragon 8 Gen 2,4700,6.6,899,2023,376
Samsung,Galaxy S23+ 256GB,196,8,12,50,Snapdragon 8 Gen 2,4700,6.6,999,2023,377
Vivo,S18 Pro 256GB,189,12,32,108,Snapdragon 8 Gen 2,4700,6.56,599,2024,378
Vivo,X80 256GB,206,12,32,50,MediaTek Dimensity 9000,4700,6.78,899,2022,379
Vivo,X80 512GB,206,12,32,50,MediaTek Dimensity 9000,4700,6.78,999,2022,380
POCO,F2 Pro 128GB,219,6,20,64,Snapdragon 865,4700,6.67,499,2020,381
POCO,F4 GT 128GB,210,8,20,64,Snapdragon 8 Gen 1,4700,6.67,499,2022,382
Samsung,Galaxy S24+ 128GB,196,8,12,50,Exynos 2400,4800,6.6,899,2024,383
Samsung,Galaxy S24+ 256GB,196,8,12,50,Exynos 2400,4800,6.6,999,2024,384
OnePlus,OnePlus Open 256GB,238,16,32,48,Snapdragon 8 Gen 2,4800,7.8,1099,2024,385
OnePlus,OnePlus 14+ 128GB,202,8,16,64,Snapdragon 8 Gen 2,4800,6.55,799,2023,386
Oppo,Find X8 256GB,195,8,32,50,Snapdragon 8 Gen 2,4800,6.7,1099,2024,387
Oppo,Find X6 256GB,207,12,32,50,Dimensity 9200,4800,6.74,899,2023,388
Oppo,Find X6 512GB,207,16,32,50,Dimensity 9200,4800,6.74,999,2023,389
Oppo,Find X5 256GB,196,8,32,50,Snapdragon 888,4800,6.55,799,2022,390
Oppo,Find N3 512GB,239,12,32,48,Snapdragon 8 Gen 2,4805,7.82,1399,2023,391
Vivo,V25 Pro 128GB,190,8,32,64,MediaTek Dimensity 1300,4830,6.56,599,2022,392
Vivo,V25 Pro 256GB,190,8,32,64,MediaTek Dimensity 1300,4830,6.56,649,2022,393
Vivo,X90 Pro 256GB,221,12,32,50,MediaTek Dimensity 9200,4870,6.78,1099,2022,394
Vivo,X90 Pro 512GB,221,12,32,50,MediaTek Dimensity 9200,4870,6.78,1199,2022,395
Oppo,Reno10 5G 128GB,180,8,32,64,Dimensity 7050,5000,6.7,499,2023,396
Oppo,Reno10 5G 256GB,180,8,32,64,Dimensity 7050,5000,6.7,549,2023,397
Oppo,A59 5G 128GB,186,6,8,13,MediaTek Dimensity 6020,5000,6.56,199,2023,398
Oppo,A59 5G 256GB,186,8,8,13,MediaTek Dimensity 6020,5000,6.56,229,2023,399
Oppo,A58 5G 256GB,188,8,8,50,MediaTek Dimensity 700,5000,6.56,249,2022,400
Oppo,A57 5G 128GB,186,6,8,13,MediaTek Dimensity 810,5000,6.56,219,2022,401
Oppo,A56 5G 128GB,189,6,8,13,MediaTek Dimensity 700,5000,6.5,199,2021,402
Oppo,A55 5G 128GB,186,6,8,13,MediaTek Dimensity 700,5000,6.5,189,2021,403
Oppo,A54 5G 128GB,190,6,16,48,Qualcomm Snapdragon 480,5000,6.5,219,2021,404
Oppo,K11x 128GB,195,8,16,108,Qualcomm Snapdragon 695,5000,6.72,199,2023,405
Oppo,K11x 256GB,195,12,16,108,Qualcomm Snapdragon 695,5000,6.72,229,2023,406
Oppo,K10x 128GB,195,6,16,64,Qualcomm Snapdragon 695,5000,6.59,199,2022,407
Oppo,K10x 256GB,195,8,16,64,Qualcomm Snapdragon 695,5000,6.59,229,2022,408
Oppo,K10 5G 128GB,205,8,16,64,MediaTek Dimensity 8000-Max,5000,6.59,249,2022,409
Oppo,K9x 128GB,194,6,16,64,MediaTek Dimensity 810,5000,6.5,199,2021,410
Oppo,K9x 256GB,194,8,16,64,MediaTek Dimensity 810,5000,6.5,229,2021,411
Oppo,K7x 128GB,194,6,16,48,MediaTek Dimensity 720,5000,6.5,199,2020,412
Oppo,K11x 128GB,195,8,16,108,Qualcomm Snapdragon 695,5000,6.72,199,2023,413
Oppo,K11x 256GB,195,12,16,108,Qualcomm Snapdragon 695,5000,6.72,229,2023,414
Oppo,K11 128GB,184,8,16,64,Qualcomm Snapdragon 782G,5000,6.7,259,2023,415
Oppo,K11 256GB,184,12,16,64,Qualcomm Snapdragon 782G,5000,6.7,299,2023,416
Oppo,K10x 128GB,195,6,16,64,Qualcomm Snapdragon 695,5000,6.59,199,2022,417
Oppo,K10x 256GB,195,8,16,64,Qualcomm Snapdragon 695,5000,6.59,229,2022,418
Oppo,K10 5G 128GB,205,8,16,64,MediaTek Dimensity 8000-Max,5000,6.59,249,2022,419
Oppo,K10 5G 256GB,205,12,16,64,MediaTek Dimensity 8000-Max,5000,6.59,279,2022,420
Oppo,K9x 128GB,194,6,16,64,MediaTek Dimensity 810,5000,6.5,199,2021,421
Oppo,K9x 256GB,194,8,16,64,MediaTek Dimensity 810,5000,6.5,229,2021,422
Oppo,K7x 128GB,194,6,16,48,MediaTek Dimensity 720,5000,6.5,199,2020,423
Realme,13+ 5G 128GB,185,8,16,50,MediaTek Dimensity 7200,5000,6.5,250,2024,424
Realme,13+ 5G 256GB,185,8,16,50,MediaTek Dimensity 7200,5000,6.5,270,2024,425
Realme,13 5G 128GB,190,6,16,50,MediaTek Dimensity 6100+,5000,6.6,220,2024,426
Realme,13 5G 256GB,190,8,16,50,MediaTek Dimensity 6100+,5000,6.6,240,2024,427
Realme,P1 5G 128GB,184,6,16,50,MediaTek Dimensity 6100+,5000,6.6,200,2024,428
Realme,P1 5G 256GB,184,8,16,50,MediaTek Dimensity 6100+,5000,6.6,220,2024,429
Realme,Narzo 70 Turbo 5G 128GB,200,8,16,50,MediaTek Dimensity 810,5000,6.6,240,2024,430
Realme,Narzo 70 Turbo 5G 256GB,200,8,16,50,MediaTek Dimensity 810,5000,6.6,260,2024,431
Realme,Narzo N61 128GB,195,6,16,50,MediaTek Helio G99,5000,6.5,180,2024,432
Realme,Narzo N63 128GB,193,6,16,50,MediaTek Helio G88,5000,6.5,160,2024,433
Realme,Narzo N65 5G 128GB,198,8,16,50,MediaTek Dimensity 700,5000,6.6,210,2024,434
Realme,C75 128GB,190,6,8,50,MediaTek Helio G85,5000,6.6,160,2024,435
Realme,C75 256GB,190,8,8,50,MediaTek Helio G85,5000,6.6,180,2024,436
Realme,C61 128GB,189,4,8,50,Unisoc T612,5000,6.5,130,2024,437
Realme,C67 128GB,195,6,8,50,MediaTek Helio G88,5000,6.6,170,2024,438
Realme,C67 256GB,195,8,8,50,MediaTek Helio G88,5000,6.6,190,2024,439
Realme,C65 128GB,192,6,8,50,Qualcomm Snapdragon 680,5000,6.6,160,2024,440
Realme,C65 256GB,192,8,8,50,Qualcomm Snapdragon 680,5000,6.6,180,2024,441
Realme,C63 128GB,191,6,8,50,MediaTek Helio G85,5000,6.6,150,2024,442
Realme,C55 128GB,189,6,8,64,MediaTek Helio G88,5000,6.72,170,2023,443
Realme,C55 256GB,189,8,8,64,MediaTek Helio G88,5000,6.72,190,2023,444
Realme,Note 50 128GB,195,6,16,50,MediaTek Helio G99,5000,6.5,170,2024,445
Realme,Neo 7 128GB,193,8,16,64,MediaTek Dimensity 8200,5000,6.7,330,2024,446
Realme,Neo 7 256GB,193,12,16,64,MediaTek Dimensity 8200,5000,6.7,380,2024,447
Xiaomi,Xiaomi 14T Pro 256GB,209,12,32,50,Dimensity 9300+,5000,6.67,634,2024,448
Xiaomi,Xiaomi 14T Pro 512GB,209,12,32,50,Dimensity 9300+,5000,6.67,790,2024,449
Xiaomi,Xiaomi 14T Pro 1TB,209,12,32,50,Dimensity 9300+,5000,6.67,899,2024,450
Xiaomi,Xiaomi 14T 256GB,195,12,32,50,Dimensity 8300-Ultra,5000,6.67,599,2024,451
Xiaomi,Xiaomi 14T 512GB,195,12,32,50,Dimensity 8300-Ultra,5000,6.67,699,2024,452
Xiaomi,Xiaomi 14 Pro 256GB,206,12,32,50,Snapdragon 8 Gen 3,5000,6.73,799,2023,453
Xiaomi,Xiaomi 14 Pro 512GB,206,12,32,50,Snapdragon 8 Gen 3,5000,6.73,899,2023,454
Lenovo,K14 Plus 64GB,198,4,8,48,Unisoc T700,5000,6.5,199,2022,455
Lenovo,K14 Plus 128GB,198,6,8,48,Unisoc T700,5000,6.5,229,2022,456
Lenovo,K13 Pro 128GB,200,6,16,64,Snapdragon 662,5000,6.8,249,2021,457
Lenovo,K13 32GB,190,2,5,13,Unisoc SC9863A,5000,6.52,149,2021,458
Lenovo,K13 Note 64GB,200,4,8,48,Snapdragon 460,5000,6.5,199,2021,459
Motorola,Edge 50 Fusion 128GB,168,8,32,50,Snapdragon 7 Gen 1,5000,6.7,499,2024,460
Motorola,Edge 50 Fusion 256GB,168,12,32,50,Snapdragon 7 Gen 1,5000,6.7,549,2024,461
Motorola,G84 5G 128GB,166,8,16,50,Snapdragon 695,5000,6.5,299,2023,462
Motorola,G84 5G 256GB,166,12,16,50,Snapdragon 695,5000,6.5,349,2023,463
Motorola,Moto G Stylus 64GB,195,4,16,50,MediaTek Helio G88,5000,6.8,199,2023,464
Motorola,Moto G Stylus 128GB,195,6,16,50,MediaTek Helio G88,5000,6.8,249,2023,465
Motorola,Edge 50 Lite 128GB,170,6,32,64,Snapdragon 695,5000,6.7,399,2024,466
Motorola,Edge 50 Lite 256GB,170,8,32,64,Snapdragon 695,5000,6.7,449,2024,467
Motorola,Moto E40 Plus 64GB,198,4,8,48,Unisoc T700,5000,6.5,199,2023,468
Motorola,Moto E40 Plus 128GB,198,6,8,48,Unisoc T700,5000,6.5,229,2023,469
Motorola,Moto G Power 64GB,206,4,16,50,Snapdragon 662,5000,6.6,249,2022,470
Motorola,Moto G Power 128GB,206,6,16,50,Snapdragon 662,5000,6.6,279,2022,471
Motorola,Moto G Play 32GB,203,3,5,13,MediaTek Helio G25,5000,6.5,149,2022,472
Motorola,Moto G Play 64GB,203,4,5,13,MediaTek Helio G25,5000,6.5,179,2022,473
Motorola,Moto G75 5G 128GB,205,8,16,50,Snapdragon 6 Gen 3,5000,6.78,320,2024,474
Motorola,Moto G75 5G 256GB,205,8,16,50,Snapdragon 6 Gen 3,5000,6.78,370,2024,475
Motorola,Moto G55 128GB,182,8,16,50,MediaTek Dimensity 7025,5000,6.49,270,2024,476
Motorola,Moto G55 256GB,182,8,16,50,MediaTek Dimensity 7025,5000,6.49,320,2024,477
Motorola,Moto G35 128GB,188,4,16,50,Unisoc T760,5000,6.72,200,2024,478
Motorola,Moto G35 256GB,188,8,16,50,Unisoc T760,5000,6.72,250,2024,479
Motorola,Moto G45 128GB,183,6,16,50,Snapdragon 6s Gen 3,5000,6.5,250,2024,480
Motorola,Moto G45 256GB,183,8,16,50,Snapdragon 6s Gen 3,5000,6.5,300,2024,481
Motorola,Moto G85 128GB,173,8,32,50,Snapdragon 6s Gen 3,5000,6.67,320,2024,482
Motorola,Moto G85 256GB,173,12,32,50,Snapdragon 6s Gen 3,5000,6.67,370,2024,483
Motorola,Moto E14 64GB,180,4,8,13,Unisoc T606,5000,6.5,150,2024,484
Motorola,Moto E14 128GB,180,4,8,13,Unisoc T606,5000,6.5,180,2024,485
Motorola,Moto X50 Ultra 512GB,198,12,60,200,Snapdragon 8 Gen 3,5000,6.9,1499,2024,486
Motorola,Moto G Stylus 5G 256GB,195,6,16,50,Snapdragon 6 Gen 1,5000,6.8,300,2024,487
Motorola,Moto G Stylus 5G 512GB,195,8,16,50,Snapdragon 6 Gen 1,5000,6.8,350,2024,488
Motorola,Edge 50 Ultra 512GB,198,12,60,200,Snapdragon 8 Gen 3,5000,6.9,1499,2024,489
Motorola,Moto G82 5G 128GB,173,6,16,50,Snapdragon 695 5G,5000,6.6,399,2022,490
Motorola,Moto G82 5G 256GB,173,8,16,50,Snapdragon 695 5G,5000,6.6,449,2022,491
Motorola,Moto G62 5G 128GB,184,4,16,50,Snapdragon 480+ 5G,5000,6.5,349,2022,492
Motorola,Moto G62 5G 256GB,184,6,16,50,Snapdragon 480+ 5G,5000,6.5,399,2022,493
Motorola,Moto G42 128GB,175,4,16,50,Snapdragon 680 4G,5000,6.4,299,2022,494
Motorola,Moto G32 128GB,184,4,16,50,Snapdragon 680 4G,5000,6.5,279,2022,495
Motorola,Moto E32s 64GB,185,3,8,16,MediaTek Helio G37,5000,6.5,199,2022,496
Motorola,Moto G22 64GB,185,4,16,50,MediaTek Helio G37,5000,6.5,249,2022,497
Huawei,Mate 60 Pro,225,12,13,50,Kirin 9000S,5000,6.82,1299,2023,498
Huawei,Mate 70 Pro,220,12,13,50,Kirin 9010,5000,6.8,999,2024,499
Huawei,Mate 70 Pro+,220,12,13,50,Kirin 9010,5000,6.8,1099,2024,500
Huawei,Mate XT 256GB,245,12,13,50,Kirin 9010,5000,7.92,2599,2024,501
Huawei,Mate XT 512GB,245,12,13,50,Kirin 9010,5000,7.92,2799,2024,502
Nokia,G42 5G 128GB,193,4,8,50,Snapdragon 480+,5000,6.56,229,2023,503
Nokia,C32 64GB,199,3,8,50,Unisoc SC9863A,5000,6.52,139,2023,504
Nokia,C32 128GB,199,4,8,50,Unisoc SC9863A,5000,6.52,159,2023,505
Nokia,C22 64GB,190,2,8,13,Unisoc SC9863A,5000,6.5,119,2023,506
Nokia,C22 128GB,190,3,8,13,Unisoc SC9863A,5000,6.5,139,2023,507
Nokia,G400 128GB,198,6,16,48,Snapdragon 480,5000,6.58,239,2022,508
Sony,Xperia 1 IV 256GB,185,12,12,12,Snapdragon 8 Gen 1,5000,6.5,1599,2022,509
Sony,Xperia 5 IV 128GB,172,8,12,12,Snapdragon 8 Gen 1,5000,6.1,999,2022,510
Sony,Xperia 10 IV 128GB,161,6,8,12,Snapdragon 695,5000,6.0,499,2022,511
Sony,Xperia 1 V 256GB,187,12,12,48,Snapdragon 8 Gen 2,5000,6.5,1699,2023,512
Sony,Xperia 5 V 128GB,178,8,12,48,Snapdragon 8 Gen 2,5000,6.1,1099,2023,513
Sony,Xperia 10 V 128GB,164,6,8,48,Snapdragon 695,5000,6.1,599,2023,514
Sony,Xperia 1 VI 256GB,190,12,12,48,Snapdragon 8 Gen 3,5000,6.5,1799,2024,515
Sony,Xperia 5 VI 128GB,180,8,12,48,Snapdragon 8 Gen 3,5000,6.1,1199,2024,516
Sony,Xperia 10 VI 128GB,167,6,8,48,Snapdragon 7 Gen 1,5000,6.1,699,2024,517
Tecno,Spark Go 1S 64GB,190,4,8,13,MediaTek Helio A22,5000,6.6,129,2024,518
Tecno,Pop 9 4G 64GB,195,3,5,8,Unisoc SC9863A,5000,6.52,99,2024,519
Tecno,Spark 30C 5G 128GB,200,6,16,50,MediaTek Dimensity 6100+,5000,6.6,199,2024,520
Tecno,Spark 30 5G 128GB,195,6,16,50,MediaTek Dimensity 6020,5000,6.6,229,2024,521
Tecno,Pop 9 64GB,190,3,5,8,Unisoc SC9832E,5000,6.52,89,2024,522
Tecno,Spark 30 128GB,192,4,16,50,MediaTek Helio G85,5000,6.6,179,2024,523
Tecno,Spark 30C 128GB,190,4,16,50,MediaTek Helio G85,5000,6.6,149,2024,524
Tecno,Spark Go 1 64GB,195,3,5,8,Unisoc SC9863A,5000,6.52,99,2024,525
Tecno,Spark 20P 128GB,195,4,16,50,MediaTek Helio G85,5000,6.6,179,2024,526
Tecno,Camon 30 5G 256GB,198,8,32,50,MediaTek Dimensity 810,5000,6.7,499,2024,527
Tecno,Camon 30 128GB,195,6,32,50,MediaTek Helio G99,5000,6.7,349,2024,528
Tecno,Spark 20 Pro 128GB,195,6,16,50,MediaTek Helio G85,5000,6.6,199,2024,529
Tecno,Spark 20 128GB,192,4,16,50,MediaTek Helio G85,5000,6.6,179,2024,530
Tecno,Spark 20C 128GB,190,4,16,50,MediaTek Helio G85,5000,6.6,149,2024,531
Tecno,Spark Go 2024 64GB,195,3,5,8,Unisoc SC9863A,5000,6.52,99,2024,532
Tecno,Pop 8 64GB,195,3,5,8,Unisoc SC9832E,5000,6.52,89,2024,533
Tecno,Camon 20s 256GB,200,8,32,50,MediaTek Helio G99,5000,6.7,449,2024,534
Tecno,Camon 20 Pro 5G 256GB,200,8,32,50,MediaTek Dimensity 810,5000,6.7,499,2024,535
Tecno,Camon 20 Pro 128GB,198,6,32,50,MediaTek Helio G99,5000,6.7,349,2024,536
Tecno,Camon 20 128GB,195,6,32,50,MediaTek Helio G99,5000,6.7,349,2024,537
Infinix,Hot 50,192,6,8,50,MediaTek Helio G85,5000,6.78,219,2024,538
Infinix,Hot 50i,190,4,8,50,Unisoc T606,5000,6.6,179,2024,539
Infinix,Hot 50 Pro,194,8,16,50,MediaTek Helio G99,5000,6.8,269,2024,540
Infinix,Note 40S,196,8,32,50,MediaTek Helio G99,5000,6.78,279,2024,541
Infinix,Hot 40,196,8,32,50,MediaTek Helio G88,5000,6.78,199,2023,542
Infinix,Hot 40i,195,4,8,13,Unisoc T606,5000,6.6,159,2023,543
Infinix,Hot 40 Pro,195,8,32,108,MediaTek Helio G99,5000,6.78,229,2023,544
Infinix,Zero 40,195,12,50,108,MediaTek Dimensity 8200,5000,6.78,349,2024,545
Infinix,Zero 40 5G,195,12,50,108,MediaTek Dimensity 8200,5000,6.78,379,2024,546
Infinix,Note 40,190,8,32,108,MediaTek Helio G99,5000,6.78,279,2024,547
Infinix,Note 40 Pro,190,12,32,108,MediaTek Dimensity 8100,5000,6.78,329,2024,548
Infinix,Hot 30 128GB,196,8,8,50,MediaTek Helio G88,5000,6.78,199,2023,549
Infinix,Hot 30i 128GB,191,4,8,13,Unisoc T606,5000,6.6,159,2023,550
Infinix,Hot 30i NFC 128GB,191,4,8,13,Unisoc T606,5000,6.6,159,2023,551
Infinix,Hot 30 5G 128GB,202,8,8,50,MediaTek Dimensity 810,5000,6.78,239,2023,552
Infinix,Zero 30 256GB,185,8,50,108,MediaTek Dimensity 8020,5000,6.78,349,2023,553
Infinix,Zero 30 5G 256GB,185,12,50,108,MediaTek Dimensity 8020,5000,6.78,379,2023,554
Infinix,GT 10 Pro 256GB,187,8,32,108,MediaTek Dimensity 8050,5000,6.67,399,2023,555
Infinix,Hot 12 128GB,195,6,8,13,MediaTek Helio G85,5000,6.82,179,2022,556
Infinix,Hot 12 Pro 128GB,191,8,8,50,Unisoc T616,5000,6.6,199,2022,557
Infinix,Hot 12i 64GB,190,4,8,13,MediaTek Helio A22,5000,6.6,139,2022,558
Infinix,Hot 20 128GB,198,6,8,50,MediaTek Helio G85,5000,6.82,199,2022,559
Infinix,Hot 20s 128GB,202,8,8,50,MediaTek Helio G96,5000,6.78,219,2022,560
Infinix,Hot 20 5G 128GB,204,6,8,50,MediaTek Dimensity 810,5000,6.6,239,2022,561
Infinix,Hot 20i 64GB,195,4,8,13,MediaTek Helio G25,5000,6.6,139,2022,562
Infinix,Hot 10T 128GB,205,4,8,48,MediaTek Helio G70,5000,6.82,149,2021,563
Infinix,Hot 10 Lite 64GB,195,3,8,13,MediaTek Helio A25,5000,6.6,109,2020,564
Infinix,Hot 11s 128GB,205,6,8,50,MediaTek Helio G88,5000,6.78,189,2021,565
Infinix,Smart HD 32GB,195,2,5,8,MediaTek Helio A20,5000,6.1,79,2020,566
Infinix,Hot 10 Lite 64GB,195,3,8,13,MediaTek Helio A25,5000,6.6,109,2020,567
Infinix,Smart 5 64GB,195,3,8,13,MediaTek Helio A20,5000,6.6,99,2020,568
Honor,X10 Max,227,8,8,48,MediaTek Dimensity 800,5000,7.09,379,2020,569
Honor,10X Lite,206,4,8,48,Kirin 710A,5000,6.67,229,2020,570
Honor,Play 5T,191,6,8,13,Unisoc T610,5000,6.5,219,2021,571
Honor,X30 Max,228,8,8,64,MediaTek Dimensity 900,5000,7.09,499,2021,572
Honor,Play 6,190,6,5,13,MediaTek MT6762G Helio G25,5000,6.52,179,2022,573
Honor,Play 6T,198,6,5,13,MediaTek Dimensity 700,5000,6.74,229,2022,574
Honor,Magic Vs,267,12,16,50,Qualcomm Snapdragon 8+ Gen 1,5000,7.9,1699,2023,575
Honor,Play 8,191,4,5,13,MediaTek Helio G36,5000,6.52,149,2023,576
Honor,Magic V2,231,12,16,50,Qualcomm Snapdragon 8 Gen 2,5000,7.92,1899,2024,577
Honor,90,183,12,50,200,Qualcomm Snapdragon 7 Gen 1,5000,6.7,599,2023,578
Honor,90 Pro,192,12,50,200,Qualcomm Snapdragon 8+ Gen 1,5000,6.78,699,2023,579
Honor,Play 9,191,4,5,13,MediaTek Helio G36,5000,6.52,149,2023,580
Honor,Magic V3,231,12,16,50,Qualcomm Snapdragon 8 Gen 2,5000,7.92,1899,2024,581
Honor,Pad X8 Lite,450,3,2,5,MediaTek MT8786,5000,9.7,149,2022,582
Honor,Pad X8a,450,4,2,5,MediaTek MT8786,5000,9.7,149,2023,583
Huawei,Pura 70 Pro,220,12,13,50,Kirin 9010,5050,6.8,1099,2024,584
Huawei,Pura 70 Pro+,220,12,13,50,Kirin 9010,5050,6.8,1199,2024,585
Nokia,G20 64GB,197,4,8,48,MediaTek G35,5050,6.52,169,2021,586
Nokia,G20 128GB,197,4,8,48,MediaTek G35,5050,6.52,189,2021,587
Nokia,G21 64GB,190,4,8,50,Unisoc T606,5050,6.5,169,2022,588
Nokia,G21 128GB,190,6,8,50,Unisoc T606,5050,6.5,189,2022,589
Oppo,A40 128GB,186,4,5,50,Qualcomm Snapdragon 6s Gen 1,5100,6.67,199,2024,590
Oppo,A40 256GB,186,6,5,50,Qualcomm Snapdragon 6s Gen 1,5100,6.67,229,2024,591
Realme,P1 Speed 5G 128GB,185,8,16,64,MediaTek Dimensity 8100,5100,6.7,250,2024,592
Realme,P1 Speed 5G 256GB,185,12,16,64,MediaTek Dimensity 8100,5100,6.7,270,2024,593
Realme,P2 Pro 5G 128GB,195,8,16,50,MediaTek Dimensity 9200,5100,6.7,350,2024,594
Realme,P2 Pro 5G 256GB,195,12,16,50,MediaTek Dimensity 9200,5100,6.7,400,2024,595
Lenovo,Legion Y70 128GB,209,8,16,50,Snapdragon 8+ Gen 1,5100,6.67,499,2022,596
Lenovo,Legion Y70 256GB,209,12,16,50,Snapdragon 8+ Gen 1,5100,6.67,549,2022,597
Lenovo,Legion Y70 512GB,209,16,16,50,Snapdragon 8+ Gen 1,5100,6.67,599,2022,598
Honor,X40,172,6,8,50,Qualcomm Snapdragon 695,5100,6.67,299,2022,599
Honor,Magic5,204,8,12,50,Qualcomm Snapdragon 8 Gen 2,5100,6.81,999,2023,600
Honor,Magic5 Pro,219,12,12,50,Qualcomm Snapdragon 8 Gen 2,5100,6.81,1199,2023,601
Honor,Pad 6,460,4,2,5,Qualcomm Snapdragon 662,5100,10.1,199,2020,602
Honor,Pad X6,460,3,2,5,MediaTek MT8768T,5100,9.7,159,2020,603
Honor,Pad 7,460,4,2,5,MediaTek Helio G80,5100,10.1,229,2021,604
Honor,Pad X8,460,4,2,5,MediaTek Helio G80,5100,10.1,189,2022,605
Honor,Pad X8 Pro,460,4,2,5,MediaTek Helio G80,5100,10.1,189,2023,606
Honor,Pad X8a Kids Edition,460,3,2,5,MediaTek MT8786,5100,9.7,129,2023,607
Xiaomi,Redmi Note 14 Pro+ 5G 128GB,205,8,16,200,Snapdragon 7s Gen 3,5110,6.67,374,2024,608
Realme,13 Pro 5G 128GB,192,8,16,50,Qualcomm Snapdragon 7s Gen 2,5200,6.7,300,2024,609
Realme,13 Pro 5G 256GB,192,12,16,50,Qualcomm Snapdragon 7s Gen 2,5200,6.7,320,2024,610
Realme,P1 Pro 5G 128GB,190,8,16,64,Qualcomm Snapdragon 7s Gen 1,5200,6.7,270,2024,611
Realme,P1 Pro 5G 256GB,190,12,16,64,Qualcomm Snapdragon 7s Gen 1,5200,6.7,290,2024,612
Realme,Narzo 70 5G 128GB,198,8,16,50,MediaTek Dimensity 810,5200,6.6,230,2024,613
Realme,Note 60x 128GB,198,6,16,50,MediaTek Dimensity 6100+,5200,6.6,210,2024,614
Realme,Note 60 128GB,196,6,16,50,MediaTek Dimensity 810,5200,6.6,220,2024,615
Realme,Note 60 256GB,196,8,16,50,MediaTek Dimensity 810,5200,6.6,240,2024,616
Realme,GT 7 128GB,199,8,16,50,Qualcomm Snapdragon 8 Gen 2,5200,6.8,440,2024,617
Realme,GT 7 256GB,199,12,16,50,Qualcomm Snapdragon 8 Gen 2,5200,6.8,500,2024,618
Huawei,Mate 60 Pro+,235,12,13,50,Kirin 9000S,5200,6.82,1499,2023,619
Huawei,Pura 70 Ultra,226,16,13,50,Kirin 9010,5200,6.8,1299,2024,620
Tecno,Camon 30S 256GB,198,8,32,50,MediaTek Dimensity 810,5200,6.8,499,2024,621
Tecno,Spark 30 Pro 256GB,205,8,32,50,MediaTek Helio G99,5200,6.8,269,2024,622
Tecno,Camon 30S Pro 512GB,202,12,50,108,MediaTek Dimensity 9200,5200,6.9,1099,2024,623
Tecno,Spark 20 Pro 5G 256GB,210,8,32,50,MediaTek Dimensity 810,5200,6.8,329,2024,624
Tecno,Camon 30 Premier 512GB,210,12,50,108,MediaTek Dimensity 9200,5200,6.9,1199,2024,625
Tecno,Camon 30 Pro 512GB,205,12,50,64,MediaTek Dimensity 8200,5200,6.8,899,2024,626
Tecno,Spark 20 Pro+ 256GB,210,8,32,50,MediaTek Helio G99,5200,6.8,269,2024,627
Tecno,Camon 20s Pro 5G 512GB,202,12,50,108,MediaTek Dimensity 9200,5200,6.9,1099,2024,628
Tecno,Camon 20s Pro 256GB,202,12,50,108,MediaTek Dimensity 810,5200,6.9,899,2024,629
Tecno,Camon 20 Premier 512GB,205,12,50,108,MediaTek Dimensity 8200,5200,6.8,1049,2024,630
Infinix,Hot 50 5G,195,8,16,50,MediaTek Dimensity 810,5200,6.78,289,2024,631
Infinix,Note 40X 5G,198,8,32,108,MediaTek Dimensity 7200,5200,6.8,349,2024,632
Infinix,Note 40 5G,195,8,32,108,MediaTek Dimensity 8100,5200,6.8,319,2024,633
Infinix,Hot 11 128GB,201,4,8,13,MediaTek Helio G70,5200,6.6,159,2021,634
Infinix,Note 8i 128GB,210,6,8,48,MediaTek Helio G80,5200,6.78,199,2020,635
Infinix,Note 8 128GB,210,6,16,64,MediaTek Helio G80,5200,6.95,229,2020,636
Infinix,Hot 10 128GB,204,4,8,16,MediaTek Helio G70,5200,6.78,159,2020,637
Honor,Play 7,196,4,5,13,MediaTek Helio G37,5200,6.74,159,2023,638
Honor,Play 7T,199,6,5,13,MediaTek Dimensity 6020,5200,6.74,199,2023,639
Honor,Play 8T,195,6,5,50,MediaTek Dimensity 6100+,5200,6.74,189,2023,640
Honor,Magic6,203,8,12,50,Qualcomm Snapdragon 8 Gen 3,5200,6.81,1099,2024,641
Honor,Play 9T,195,6,5,50,MediaTek Dimensity 6100+,5200,6.74,189,2023,642
Honor,Magic7,203,8,12,50,Qualcomm Snapdragon 8 Gen 3,5200,6.81,1099,2024,643
Infinix,Hot 50 Pro+,196,12,32,108,MediaTek Dimensity 9200,5300,6.9,379,2024,644
Infinix,Note 40 Pro 5G,195,12,32,108,MediaTek Dimensity 9000,5300,6.8,399,2024,645
Xiaomi,Xiaomi 15 256GB,190,12,32,50,Snapdragon 8 Elite,5400,6.36,699,2024,646
Xiaomi,Xiaomi 15 512GB,190,16,32,50,Snapdragon 8 Elite,5400,6.36,799,2024,647
Honor,Magic5 Ultimate,234,16,12,50,Qualcomm Snapdragon 8 Gen 2,5450,6.81,1399,2023,648
Realme,GT 6 128GB,191,8,32,50,Qualcomm Snapdragon 8s Gen 3,5500,6.78,380,2023,649
Realme,GT 6 256GB,191,12,32,50,Qualcomm Snapdragon 8s Gen 3,5500,6.78,400,2023,650
Realme,GT 6 512GB,191,16,32,50,Qualcomm Snapdragon 8s Gen 3,5500,6.78,420,2023,651
Realme,GT 6T 128GB,191,8,32,50,Qualcomm Snapdragon 7 Plus Gen 3,5500,6.78,360,2023,652
Realme,GT 6T 256GB,191,8,32,50,Qualcomm Snapdragon 7 Plus Gen 3,5500,6.78,380,2023,653
Realme,14x 5G 128GB,190,6,16,48,Qualcomm Snapdragon 7s Gen 2,5500,6.6,270,2025,654
Realme,14x 5G 256GB,190,8,16,48,Qualcomm Snapdragon 7s Gen 2,5500,6.6,290,2025,655
Realme,13 Pro+ 5G 256GB,195,12,32,50,Qualcomm Snapdragon 7+ Gen 2,5500,6.78,360,2024,656
Realme,13 Pro+ 5G 512GB,195,16,32,50,Qualcomm Snapdragon 7+ Gen 2,5500,6.78,380,2024,657
Realme,P2 Pro 5G 256GB,188,12,32,50,Qualcomm Snapdragon 7+ Gen 3,5500,6.78,340,2024,658
Realme,P2 Pro 5G 512GB,188,16,32,50,Qualcomm Snapdragon 7+ Gen 3,5500,6.78,360,2024,659
Tecno,Phantom V Fold2 512GB,280,12,32,64,MediaTek Dimensity 9200+,5500,7.85,1799,2024,660
Infinix,GT 20 Pro,198,12,32,108,MediaTek Dimensity 8200,5500,6.9,449,2024,661
Infinix,Note 40 Racing Edition,196,12,32,108,MediaTek Dimensity 9200,5500,6.9,449,2024,662
Honor,Magic6 Pro,219,12,12,50,Qualcomm Snapdragon 8 Gen 3,5500,6.81,1299,2024,663
Honor,Magic7 Pro,219,12,12,50,Qualcomm Snapdragon 8 Gen 3,5500,6.81,1299,2024,664
Honor,Magic6 Ultimate,234,16,12,50,Qualcomm Snapdragon 8 Gen 3,5550,6.81,1499,2024,665
Honor,Magic7 Ultimate,234,16,12,50,Qualcomm Snapdragon 8 Gen 3,5550,6.81,1499,2024,666
Realme,14 Pro 5G 128GB,184,8,16,50,MediaTek Dimensity 7300 Energy,5800,6.7,320,2025,667
Realme,14 Pro 5G 256GB,184,8,16,50,MediaTek Dimensity 7300 Energy,5800,6.7,340,2025,668
Honor,X50,185,6,8,108,Qualcomm Snapdragon 6 Gen 1,5800,6.78,299,2023,669
Honor,X60,185,6,8,108,Qualcomm Snapdragon 6 Gen 1,5800,6.78,299,2023,670
Samsung,Galaxy S24 Ultra 128GB,234,12,12,200,Exynos 2400,5000,6.8,1199,2024,671
Samsung,Galaxy S24 Ultra 256GB,234,12,12,200,Exynos 2400,5000,6.8,1299,2024,672
Samsung,Galaxy S23 Ultra 128GB,228,12,12,200,Snapdragon 8 Gen 2,5000,6.8,1199,2023,673
Samsung,Galaxy S23 Ultra 256GB,228,12,12,200,Snapdragon 8 Gen 2,5000,6.8,1299,2023,674
Samsung,Galaxy S22 Ultra 128GB,228,12,10,108,Exynos 2200,5000,6.8,1099,2022,675
Samsung,Galaxy S22 Ultra 256GB,228,12,10,108,Exynos 2200,5000,6.8,1199,2022,676
Samsung,Galaxy A54 128GB,189,6,32,50,Exynos 1380,5000,6.4,399,2023,677
Samsung,Galaxy A54 256GB,189,6,32,50,Exynos 1380,5000,6.4,449,2023,678
Samsung,Galaxy A34 128GB,199,6,13,48,MediaTek Dimensity 1080,5000,6.6,349,2023,679
Samsung,Galaxy A34 256GB,199,6,13,48,MediaTek Dimensity 1080,5000,6.6,399,2023,680
Samsung,Galaxy A24 128GB,195,6,13,50,MediaTek Helio G99,5000,6.5,299,2023,681
Samsung,Galaxy A24 256GB,195,6,13,50,MediaTek Helio G99,5000,6.5,349,2023,682
Samsung,Galaxy A14 128GB,190,4,13,50,Exynos 850,5000,6.6,249,2023,683
Samsung,Galaxy A14 256GB,190,4,13,50,Exynos 850,5000,6.6,299,2023,684
Samsung,Galaxy A04 64GB,188,4,5,50,Exynos 850,5000,6.5,199,2022,685
Samsung,Galaxy A04 128GB,188,4,5,50,Exynos 850,5000,6.5,249,2022,686
Samsung,Galaxy M04 64GB,188,4,5,13,MediaTek Helio P35,5000,6.5,199,2022,687
Samsung,Galaxy M04 128GB,188,4,5,13,MediaTek Helio P35,5000,6.5,249,2022,688
OnePlus,OnePlus 12 256GB,205,12,32,50,Snapdragon 8 Gen 3,5000,6.7,799,2024,689
OnePlus,OnePlus 11 256GB,205,12,16,50,Snapdragon 8 Gen 1,5000,6.7,699,2023,690
OnePlus,OnePlus 11R 256GB,202,12,16,50,Snapdragon 8 Gen 1,5000,6.7,599,2023,691
OnePlus,OnePlus Nord 3 256GB,190,12,16,50,MediaTek Dimensity 9000,5000,6.74,499,2023,692
OnePlus,OnePlus Nord CE 3 128GB,179,8,16,50,Snapdragon 782G,5000,6.72,399,2023,693
OnePlus,OnePlus Nord CE 3 Lite 128GB,195,8,16,108,Snapdragon 695,5000,6.72,299,2023,694
OnePlus,OnePlus Nord N30 5G 128GB,192,8,16,64,MediaTek Dimensity 6020,5000,6.72,249,2023,695
OnePlus,OnePlus 10 Pro 256GB,200,12,32,50,Snapdragon 8 Gen 1,5000,6.7,899,2022,696
OnePlus,OnePlus 11 Pro 256GB,204,16,32,50,Snapdragon 8 Gen 2,5000,6.7,899,2023,697
OnePlus,OnePlus Nord N200 64GB,189,4,16,13,Snapdragon 480,5000,6.49,199,2021,698
OnePlus,OnePlus Nord N100 64GB,185,4,8,13,Qualcomm Snapdragon 460,5000,6.52,179,2020,699
OnePlus,OnePlus Nord CE 2 Lite 128GB,195,6,16,64,MediaTek Dimensity 900,5000,6.59,249,2022,700
OnePlus,OnePlus Nord N100 5G 64GB,185,4,8,13,Qualcomm Snapdragon 460,5000,6.52,179,2020,701
OnePlus,OnePlus 11T 128GB,202,12,32,50,Snapdragon 8 Gen 2,5000,6.7,799,2023,702
OnePlus,OnePlus 15R 128GB,210,12,32,50,Snapdragon 8 Gen 3,5000,6.7,849,2023,703
OnePlus,OnePlus 13 Pro 256GB,215,12,32,50,Snapdragon 8 Gen 2,5000,6.7,899,2023,704
OnePlus,OnePlus 12T 5G 256GB,200,12,16,50,Snapdragon 8 Gen 2,5000,6.7,849,2023,705
Vivo,Y200 GT 128GB,190,12,16,64,Dimensity 1200,5000,6.58,399,2024,706
Vivo,T3 5G 128GB,180,8,16,50,Snapdragon 870,5000,6.67,349,2024,707
Vivo,iQOO 12 256GB,210,16,16,50,Snapdragon 8 Gen 3,5000,6.78,699,2024,708
Vivo,Y12s 64GB,191,3,8,13,MediaTek Helio P35,5000,6.51,159,2020,709
Vivo,Y12s 128GB,191,4,8,13,MediaTek Helio P35,5000,6.51,179,2020,710
Vivo,Y11 32GB,190,3,8,13,Qualcomm Snapdragon 439,5000,6.35,149,2019,711
Vivo,Y11 64GB,190,3,8,13,Qualcomm Snapdragon 439,5000,6.35,169,2019,712
Vivo,Y30 128GB,193,4,8,13,MediaTek Helio P35,5000,6.47,199,2020,713
Vivo,Y30 64GB,193,3,8,13,MediaTek Helio P35,5000,6.47,169,2020,714
Vivo,Y33s 128GB,182,8,16,50,MediaTek Helio G80,5000,6.58,239,2021,715
Vivo,Y33s 64GB,182,4,16,50,MediaTek Helio G80,5000,6.58,179,2021,716
Vivo,Y75 5G 128GB,179,8,16,50,MediaTek Dimensity 700,5000,6.58,349,2021,717
Vivo,Y75 5G 256GB,179,8,16,50,MediaTek Dimensity 700,5000,6.58,399,2021,718
Vivo,Y53s 128GB,190,6,16,64,MediaTek Helio G80,5000,6.58,229,2021,719
Vivo,Y53s 64GB,190,6,16,64,MediaTek Helio G80,5000,6.58,179,2021,720
Vivo,T1 5G 128GB,181,6,16,50,Qualcomm Snapdragon 695,5000,6.58,269,2022,721
Vivo,T1 5G 256GB,181,8,16,50,Qualcomm Snapdragon 695,5000,6.58,319,2022,722
Vivo,Y21 128GB,182,4,8,13,MediaTek Helio P35,5000,6.51,199,2021,723
Vivo,Y21 64GB,182,4,8,13,MediaTek Helio P35,5000,6.51,179,2021,724
Oppo,Find X8 Pro 256GB,210,12,32,50,Snapdragon 8 Gen 2,5000,6.8,1299,2024,725
Oppo,Reno12 F 4G 256GB,187,8,32,50,Snapdragon 685,5000,6.7,449,2024,726
Oppo,Reno12 F 256GB,187,8,32,50,Snapdragon 685,5000,6.7,449,2024,727
Oppo,Reno12 256GB,185,8,32,50,MediaTek Dimensity 7050,5000,6.7,599,2024,728
Oppo,Reno11 F 256GB,185,8,32,64,MediaTek Dimensity 7050,5000,6.7,499,2024,729
Oppo,A3 4G 128GB,186,4,5,50,Snapdragon 6s 4G Gen 1,5000,6.7,399,2024,730
Oppo,A3 128GB,186,4,5,50,Snapdragon 6s 4G Gen 1,5000,6.7,399,2024,731
Oppo,A3 128GB,186,4,5,50,Snapdragon 6s 4G Gen 1,5000,6.7,399,2024,732
Oppo,A60 128GB,186,8,8,50,Snapdragon 680 4G,5000,6.67,449,2024,733
Oppo,A60 256GB,186,8,8,50,Snapdragon 680 4G,5000,6.67,499,2024,734
Oppo,F27 128GB,175,8,32,64,Dimensity 7050,5000,6.7,499,2024,735
Oppo,F27 256GB,175,8,32,64,Dimensity 7050,5000,6.7,549,2024,736
Oppo,F27 Pro+ 256GB,177,8,32,64,Dimensity 7050,5000,6.7,599,2024,737
Oppo,F27 Pro+ 512GB,177,12,32,64,Dimensity 7050,5000,6.7,699,2024,738
Oppo,Find X7 Ultra 256GB,221,12,32,50,Snapdragon 8 Gen 3,5000,6.82,1199,2024,739
Oppo,Find X7 Ultra 512GB,221,16,32,50,Snapdragon 8 Gen 3,5000,6.82,1299,2024,740
Oppo,Find X7 256GB,206,12,32,50,Dimensity 9300,5000,6.78,1099,2024,741
Oppo,Find X7 512GB,206,16,32,50,Dimensity 9300,5000,6.78,1199,2024,742
Oppo,Find X6 Pro 256GB,218,12,32,50,Snapdragon 8 Gen 2,5000,6.82,999,2023,743
Oppo,Find X6 Pro 512GB,218,16,32,50,Snapdragon 8 Gen 2,5000,6.82,1099,2023,744
Oppo,Find X5 Pro 256GB,218,12,32,50,Snapdragon 8 Gen 1,5000,6.7,899,2022,745
Oppo,Find X5 Pro 512GB,218,16,32,50,Snapdragon 8 Gen 1,5000,6.7,999,2022,746
POCO,M2 Pro 64GB,209,4,16,48,Snapdragon 720G,5000,6.67,199,2020,747
POCO,M3 Pro 5G 64GB,190,4,8,48,MediaTek Dimensity 700,5000,6.5,199,2021,748
POCO,X3 GT 128GB,193,6,16,64,MediaTek Dimensity 1100,5000,6.6,279,2021,749
POCO,M4 Pro 5G 128GB,195,4,16,50,MediaTek Dimensity 810,5000,6.6,219,2021,750
POCO,X4 Pro 5G 128GB,205,6,16,108,Snapdragon 695,5000,6.67,299,2022,751
POCO,M4 Pro 128GB,179,6,16,64,MediaTek Helio G96,5000,6.43,219,2022,752
POCO,M5 128GB,201,4,5,50,MediaTek Helio G99,5000,6.58,199,2022,753
POCO,F5 128GB,181,6,16,64,Snapdragon 7+ Gen 2,5000,6.67,349,2023,754
POCO,X5 128GB,189,6,13,48,Snapdragon 695,5000,6.67,279,2023,755
POCO,X5 Pro 128GB,181,6,16,108,Snapdragon 778G,5000,6.67,329,2023,756
POCO,M6 64GB,199,4,8,50,MediaTek Helio G88,5000,6.58,199,2023,757
POCO,M6 Pro 128GB,202,6,8,50,Snapdragon 4 Gen 1,5000,6.79,219,2023,758
POCO,X6 128GB,193,6,16,64,MediaTek Dimensity 8100,5000,6.67,349,2024,759
POCO,X6 Pro 256GB,205,8,20,108,MediaTek Dimensity 8300,5000,6.67,399,2024,760
POCO,F6 128GB,190,6,20,64,Snapdragon 8 Gen 2,5000,6.67,449,2024,761
POCO,C65 64GB,190,4,5,50,MediaTek Helio G85,5000,6.5,149,2024,762
POCO,X7 128GB,195,6,16,64,MediaTek Dimensity 8200,5000,6.67,329,2025,763
Samsung,Galaxy Tab Active 5 128GB,433,6,5,13,Exynos 1380,5050,8,549,2024,764
Samsung,Galaxy Tab Active 3 64GB,426,4,5,13,Exynos 9810,5050,8,499,2020,765
POCO,F3 GT 128GB,205,6,16,64,MediaTek Dimensity 1200,5065,6.67,399,2021,766
Samsung,Galaxy Tab A9 64GB,366,4,2,8,MediaTek Helio G99,5100,8.7,179,2023,767
Samsung,Galaxy Tab A7 Lite 32GB,366,3,2,8,MediaTek Helio P22T,5100,8.7,149,2021,768
Oppo,A80 256GB,186,8,8,50,Dimensity 6300,5100,6.67,499,2024,769
Oppo,A3x 4G 128GB,186,4,8,8,Snapdragon 6s 4G Gen 1,5100,6.67,449,2024,770
Oppo,A3x 4G 256GB,186,6,8,8,Snapdragon 6s 4G Gen 1,5100,6.67,499,2024,771
Oppo,A3x 128GB,186,4,8,8,Snapdragon 6s 4G Gen 1,5100,6.67,449,2024,772
Oppo,A3x 256GB,186,6,8,8,Snapdragon 6s 4G Gen 1,5100,6.67,499,2024,773
POCO,M7 5G 128GB,198,6,8,50,MediaTek Dimensity 7025,5110,6.67,229,2024,774
POCO,X3 NFC 128GB,215,6,20,64,Snapdragon 732G,5160,6.67,229,2020,775
POCO,X3 Pro 128GB,215,6,20,48,Snapdragon 860,5160,6.67,249,2021,776
POCO,F5 Pro 256GB,204,8,20,64,Snapdragon 8+ Gen 1,5160,6.67,499,2023,777
POCO,F6 Pro 256GB,210,8,20,108,Snapdragon 8+ Gen 2,5160,6.67,549,2024,778
Oppo,Reno13 256GB,200,12,50,50,MediaTek Dimensity 8350,5600,6.59,699,2025,779
Vivo,X200 Pro Mini 256GB,187,16,32,50,Dimensity 9400,5700,6.31,949,2024,780
Oppo,Reno13 F 4G 256GB,192,8,32,50,MediaTek Helio G100,5800,6.67,499,2025,781
Oppo,Reno13 F 256GB,192,8,32,50,MediaTek Helio G100,5800,6.67,499,2025,782
Oppo,Reno13 Pro 512GB,210,12,50,50,MediaTek Dimensity 8350,5800,6.83,799,2025,783
Realme,14 Pro+ 5G 256GB,184,12,16,50,Qualcomm Snapdragon 7s Gen 3,6000,6.83,340,2025,784
Realme,14 Pro+ 5G 512GB,184,12,16,50,Qualcomm Snapdragon 7s Gen 3,6000,6.83,360,2025,785
Tecno,Pova 6 Neo 5G 256GB,225,8,16,50,MediaTek Dimensity 810,6000,6.8,349,2024,786
Tecno,Pova 6 Neo 256GB,230,8,16,50,MediaTek Helio G99,6000,6.8,299,2024,787
Tecno,Pova 6 Pro 512GB,230,12,32,64,MediaTek Dimensity 8100,6000,6.9,1099,2024,788
Tecno,Pova 5G 512GB,240,8,32,50,MediaTek Dimensity 900,6000,6.9,699,2024,789
Tecno,Pova 5 256GB,230,8,16,50,MediaTek Helio G99,6000,6.8,329,2024,790
Infinix,Xpad Lite,420,4,5,8,Unisoc T606,6000,9.7,219,2024,791
Infinix,Hot 30 Play 128GB,205,4,8,16,MediaTek Helio G37,6000,6.82,179,2023,792
Infinix,Hot 12 Play 128GB,209,4,8,13,Unisoc T610,6000,6.82,159,2022,793
Infinix,Hot 20 Play 128GB,209,4,8,13,MediaTek Helio G37,6000,6.82,159,2022,794
Infinix,Hot 10S 128GB,211,6,8,48,MediaTek Helio G85,6000,6.82,169,2021,795
Infinix,Hot 10S NFC 128GB,211,6,8,48,MediaTek Helio G85,6000,6.82,179,2021,796
Infinix,Hot 10 Play 64GB,207,4,8,13,MediaTek Helio G25,6000,6.82,139,2021,797
Infinix,Hot 11 Play 128GB,209,4,8,13,MediaTek Helio G35,6000,6.82,169,2021,798
Xiaomi,Xiaomi 15 Pro 256GB,210,12,32,50,Snapdragon 8 Elite,6100,6.73,799,2024,799
Xiaomi,Xiaomi 15 Pro 512GB,210,16,32,50,Snapdragon 8 Elite,6100,6.73,899,2024,800
Xiaomi,Xiaomi 15 Pro 1TB,210,16,32,50,Snapdragon 8 Elite,6100,6.73,999,2024,801
Realme,Pad Mini 32GB,372,3,5,8,Unisoc T616,6400,8.7,160,2022,802
Realme,Pad Mini 64GB,372,4,5,8,Unisoc T616,6400,8.7,180,2022,803
Samsung,Galaxy M54 128GB,202,8,32,108,Exynos 1380,6000,6.7,349,2023,804
Samsung,Galaxy M54 256GB,202,8,32,108,Exynos 1380,6000,6.7,399,2023,805
Samsung,Galaxy M34 128GB,199,6,13,50,Exynos 1280,6000,6.5,299,2023,806
Samsung,Galaxy M34 256GB,199,6,13,50,Exynos 1280,6000,6.5,349,2023,807
Samsung,Galaxy M14 128GB,202,4,13,50,Exynos 850,6000,6.6,249,2023,808
Samsung,Galaxy M14 256GB,202,4,13,50,Exynos 850,6000,6.6,299,2023,809
Samsung,Galaxy F54 128GB,199,8,32,108,Exynos 1380,6000,6.7,349,2023,810
Samsung,Galaxy F54 256GB,199,8,32,108,Exynos 1380,6000,6.7,399,2023,811
Samsung,Galaxy F34 128GB,190,6,13,50,Exynos 1280,6000,6.5,299,2023,812
Samsung,Galaxy F34 256GB,190,6,13,50,Exynos 1280,6000,6.5,349,2023,813
Samsung,Galaxy F14 128GB,198,4,13,50,Exynos 850,6000,6.6,249,2023,814
Samsung,Galaxy F14 256GB,198,4,13,50,Exynos 850,6000,6.6,299,2023,815
Vivo,X200 128GB,223,12,32,50,Dimensity 9400,6000,6.78,999,2024,816
Vivo,X200 256GB,223,12,32,50,Dimensity 9400,6000,6.78,1099,2024,817
Vivo,X200 Pro 256GB,223,16,32,200,Dimensity 9400,6000,6.78,1199,2024,818
Vivo,X200 Pro 512GB,223,16,32,200,Dimensity 9400,6000,6.78,1299,2024,819
Oppo,A5 Pro 256GB,180,8,16,50,Dimensity 7300,6000,6.7,599,2024,820
Oppo,A5 Pro 512GB,186,12,16,50,Dimensity 7300,6000,6.7,699,2024,821
POCO,M3 64GB,198,4,8,48,Snapdragon 662,6000,6.53,149,2020,822
POCO,X7 Pro 256GB,207,8,20,108,MediaTek Dimensity 8400,6000,6.67,399,2025,823
Oppo,K12 Plus 256GB,192,8,16,50,Snapdragon 7 Gen 3,6400,6.7,699,2024,824
Oppo,K12 Plus 512GB,192,12,16,50,Snapdragon 7 Gen 3,6400,6.7,799,2024,825
Infinix,Xpad,450,6,8,13,MediaTek Helio G99,7000,10.1,299,2024,826
Realme,Pad 64GB,440,4,8,8,MediaTek Helio G80,7100,10.4,200,2021,827
Realme,Pad 128GB,440,6,8,8,MediaTek Helio G80,7100,10.4,230,2021,828
Realme,Pad 2 Lite 64GB,466,4,8,8,MediaTek Helio G85,7100,10.4,190,2023,829
Realme,Pad 2 Lite 128GB,466,6,8,8,MediaTek Helio G85,7100,10.4,210,2023,830
Realme,Pad Slim 64GB,440,4,8,8,MediaTek Helio G80,7100,10.4,200,2022,831
Realme,Pad Slim 128GB,440,6,8,8,MediaTek Helio G80,7100,10.4,220,2022,832
Realme,TechLife Pad Neo 64GB,465,4,8,8,MediaTek Helio G85,7200,10.5,210,2024,833
Realme,TechLife Pad Neo 128GB,465,6,8,8,MediaTek Helio G85,7200,10.5,230,2024,834
Honor,Tablet V7,480,6,8,13,MediaTek Dimensity 800,7250,10.4,399,2021,835
Honor,Tablet V7 Pro,485,8,8,13,MediaTek Dimensity 1300T,7250,11.0,499,2021,836
Honor,Pad 8,520,6,5,5,Qualcomm Snapdragon 680,7250,12.0,299,2022,837
Honor,Pad V8,510,6,5,13,MediaTek Dimensity 8020,7250,11.0,449,2023,838
Honor,Pad X9,495,6,5,8,Qualcomm Snapdragon 685,7250,11.5,299,2023,839
Tecno,Megapad 128GB,420,6,12,50,MediaTek Helio G80,7500,10.9,299,2024,840
Apple,iPad Air 10.9-inch 64GB,458,4,12,12,A14 Bionic,7608,10.9,599,2020,841
Apple,iPad Air 10.9-inch 256GB,458,4,12,12,A14 Bionic,7608,10.9,749,2020,842
Apple,iPad Pro 11-inch 128GB,468,4,7,12,A12Z Bionic,7812,11,799,2020,843
Apple,iPad Pro 11-inch 256GB,468,4,7,12,A12Z Bionic,7812,11,899,2020,844
Apple,iPad Pro 11-inch 512GB,468,6,7,12,A12Z Bionic,7812,11,1099,2020,845
Samsung,Galaxy Tab A9+ 128GB,480,8,5,8,Snapdragon 695,7040,11,229,2023,846
Samsung,Galaxy Tab A8 64GB,508,4,5,8,Unisoc T618,7040,10.5,199,2022,847
Samsung,Galaxy Tab Active 4 Pro 128GB,674,6,8,13,Snapdragon 778G,7600,10.1,649,2022,848
Tecno,Megapad 11 256GB,450,8,13,50,MediaTek G99,8000,11,349,2024,849
Infinix,Xpad 5G,470,8,16,50,MediaTek Dimensity 810,8000,10.4,399,2024,850
Honor,Pad X9 Pro,505,8,8,13,Qualcomm Snapdragon 7s Gen 2,8000,11.6,399,2024,851
Honor,Pad 9,550,8,8,13,Qualcomm Snapdragon 6 Gen 1,8300,12.1,399,2024,852
Realme,Pad X 64GB,499,4,8,13,Qualcomm Snapdragon 695,8340,11,310,2022,853
Realme,Pad X 128GB,499,6,8,13,Qualcomm Snapdragon 695,8340,11,350,2022,854
Realme,Pad 2 128GB,482,6,8,8,MediaTek Helio G99,8360,11.5,280,2023,855
Realme,Pad 2 256GB,482,8,8,8,MediaTek Helio G99,8360,11.5,320,2023,856
Honor,Pad V8 Pro,530,8,8,13,MediaTek Dimensity 9000,8500,12.1,649,2023,857
Honor,Pad V9,530,8,8,13,MediaTek Dimensity 9000,8500,12.1,649,2024,858
Honor,Pad V10,530,8,8,13,MediaTek Dimensity 9000,8500,12.1,649,2024,859
Apple,iPad 10.2-inch 32GB,490,3,12,8,A13 Bionic,8612,10.2,329,2020,860
Apple,iPad 10.2-inch 128GB,490,3,12,8,A13 Bionic,8612,10.2,429,2020,861
Honor,Pad X10,475,6,5,8,Qualcomm Snapdragon 685,8850,12.1,399,2024,862
Samsung,Galaxy Tab S9 FE 128GB,523,6,12,8,Exynos 1380,8000,10.9,549,2023,863
Samsung,Galaxy Tab S8 128GB,503,8,12,13,Snapdragon 8 Gen 1,8000,11,699,2022,864
Vivo,Pad 128GB,498,6,8,13,Snapdragon 870,8040,11,329,2022,865
Vivo,Pad 2 256GB,535,8,8,50,MediaTek Dimensity 1200,8040,11,399,2023,866
Vivo,Pad Air 128GB,510,6,8,13,Snapdragon 870,8040,10.4,279,2023,867
Vivo,Pad 3 128GB,500,6,8,13,Snapdragon 750G,8040,11,349,2023,868
Vivo,Pad 3 Pro 256GB,550,8,8,50,Snapdragon 888,8040,12.3,449,2023,869
Vivo,Pad 4 Pro 256GB,560,8,8,50,MediaTek Dimensity 9000,8040,12.9,499,2024,870
iQOO,Pad 128GB,520,6,8,13,Snapdragon 870,8040,11,349,2023,871
iQOO,Pad 2 256GB,540,8,8,50,Snapdragon 888,8040,12.3,399,2024,872
iQOO,Pad 2 Pro 256GB,555,8,8,50,Snapdragon 8 Gen 1,8040,12.3,449,2024,873
Oppo,Pad Neo 128GB,520,6,8,13,Snapdragon 870,8360,11,499,2023,874
Oppo,Pad Neo 256GB,520,8,8,13,Snapdragon 870,8360,11,599,2023,875
Samsung,Galaxy Tab S9 128GB,498,8,12,13,Snapdragon 8 Gen 2,8400,11,799,2023,876
Infinix,Xpad Pro,480,12,32,50,MediaTek Dimensity 9200,9000,11.0,549,2024,877
Honor,Pad 9 Pro,560,12,8,13,MediaTek Dimensity 8100,9000,12.6,499,2024,878
Honor,Pad X10 Pro,485,8,8,13,Qualcomm Snapdragon 7s Gen 2,9000,12.6,499,2024,879
Apple,iPad Pro 12.9-inch 128GB,682,6,7,12,A12Z Bionic,9720,12.9,999,2020,880
Apple,iPad Pro 12.9-inch 256GB,682,6,7,12,A12Z Bionic,9720,12.9,1099,2020,881
Apple,iPad Pro 12.9-inch 512GB,682,6,7,12,A12Z Bionic,9720,12.9,1299,2020,882
OnePlus,OnePlus Pad,550,8,8,13,MediaTek Dimensity 9000,9510,11.61,499,2023,883
OnePlus,OnePlus Pad 2,550,8,8,13,MediaTek Dimensity 9000,9510,11.61,549,2024,884
Oppo,Pad 3 128GB,533,8,8,13,Dimensity 8350,9510,11.6,699,2024,885
Oppo,Pad 3 256GB,533,12,8,13,Dimensity 8350,9510,11.6,799,2024,886
Oppo,Pad 3 Pro 256GB,586,12,8,13,Snapdragon 8 Gen 3,9510,12.1,899,2024,887
Oppo,Pad 3 Pro 512GB,586,16,8,13,Snapdragon 8 Gen 3,9510,12.1,999,2024,888
