Company Name;Model Name;Mobile Weight;RAM;Front Camera;Back Camera;Processor;Battery Capacity;Screen size;Launched Price (USA);Launched Year;
Honor;Pad 8;520;6;5;5;Qualcomm Snapdragon 680;7250;12.00;299;2022;
Honor;Pad X8 Lite;450;3;2;5;MediaTek MT8786;5000;9.07;149;2022;
Honor;Pad X8a;450;4;2;5;MediaTek MT8786;5000;9.07;149;2023;
Honor;Pad 6;460;4;2;5;Qualcomm Snapdragon 662;5100;10.01;199;2020;
Honor;Pad X6;460;3;2;5;MediaTek MT8768T;5100;9.07;159;2020;
Honor;Pad 7;460;4;2;5;MediaTek Helio G80;5100;10.01;229;2021;
Honor;Pad X8;460;4;2;5;MediaTek Helio G80;5100;10.01;189;2022;
Honor;Pad X8 Pro;460;4;2;5;MediaTek Helio G80;5100;10.01;189;2023;
Honor;Pad X8a Kids Edition;460;3;2;5;MediaTek MT8786;5100;9.07;129;2023;
Apple;iPad Mini 7.9-inch 64GB;12;5,03472E+12;3;7;8;A12 Bionic;5124;7.09;399;
Apple;iPad Mini 7.9-inch 256GB;12;5,03472E+12;3;7;8;A12 Bionic;5124;7.09;499;
Apple;iPad 10.2-inch 32GB;490;3;12;8;A13 Bionic;8612;10.02;329;2020;
Apple;iPad 10.2-inch 128GB;490;3;12;8;A13 Bionic;8612;10.02;429;2020;
Samsung;Galaxy Tab S9 FE 128GB;523;6;12;8;Exynos 1380;8000;10.09;549;2023;
Poco;Pad 5G 128GB;571;8;8;8;Snapdragon 7s Gen 2;10000;12.01;280;2024;
Poco;Pad 5G 256GB;571;8;8;8;Snapdragon 7s Gen 2;10000;12.01;300;2024;
Oppo;A3x 4G 128GB;186;4;8;8;Snapdragon 6s 4G Gen 1;5100;0,296527778;449;2024;
Oppo;A3x 4G 256GB;186;6;8;8;Snapdragon 6s 4G Gen 1;5100;0,296527778;499;2024;
Oppo;A3x 128GB;186;4;8;8;Snapdragon 6s 4G Gen 1;5100;0,296527778;449;2024;
Oppo;A3x 256GB;186;6;8;8;Snapdragon 6s 4G Gen 1;5100;0,296527778;499;2024;
Realme;Pad 64GB;440;4;8;8;MediaTek Helio G80;7100;10.04;200;2021;
Realme;Pad 128GB;440;6;8;8;MediaTek Helio G80;7100;10.04;230;2021;
Realme;Pad 2 Lite 64GB;466;4;8;8;MediaTek Helio G85;7100;10.04;190;2023;
Realme;Pad 2 Lite 128GB;466;6;8;8;MediaTek Helio G85;7100;10.04;210;2023;
Realme;Pad Slim 64GB;440;4;8;8;MediaTek Helio G80;7100;10.04;200;2022;
Realme;Pad Slim 128GB;440;6;8;8;MediaTek Helio G80;7100;10.04;220;2022;
Realme;TechLife Pad Neo 64GB;465;4;8;8;MediaTek Helio G85;7200;10.05;210;2024;
Realme;TechLife Pad Neo 128GB;465;6;8;8;MediaTek Helio G85;7200;10.05;230;2024;
Realme;Pad 2 128GB;482;6;8;8;MediaTek Helio G99;8360;11.05;280;2023;
Realme;Pad 2 256GB;482;8;8;8;MediaTek Helio G99;8360;11.05;320;2023;
Tecno;Pop 9 4G 64GB;195;3;5;8;Unisoc SC9863A;5000;6.52;99;2024;
Tecno;Pop 9 64GB;190;3;5;8;Unisoc SC9832E;5000;6.52;89;2024;
Tecno;Spark Go 1 64GB;195;3;5;8;Unisoc SC9863A;5000;6.52;99;2024;
Tecno;Spark Go 2024 64GB;195;3;5;8;Unisoc SC9863A;5000;6.52;99;2024;
Tecno;Pop 8 64GB;195;3;5;8;Unisoc SC9832E;5000;6.52;89;2024;
Infinix;Smart HD 32GB;195;2;5;8;MediaTek Helio A20;5000;6.01;79;2020;
Infinix;Xpad Lite;420;4;5;8;Unisoc T606;6000;9.07;219;2024;
Realme;Pad Mini 32GB;372;3;5;8;Unisoc T616;6400;8.07;160;2022;
Realme;Pad Mini 64GB;372;4;5;8;Unisoc T616;6400;8.07;180;2022;
Honor;Pad X9;495;6;5;8;Qualcomm Snapdragon 685;7250;11.05;299;2023;
Samsung;Galaxy Tab A9+ 128GB;480;8;5;8;Snapdragon 695;7040;11;229;2023;
Samsung;Galaxy Tab A8 64GB;508;4;5;8;Unisoc T618;7040;10.05;199;2022;
Honor;Pad X10;475;6;5;8;Qualcomm Snapdragon 685;8850;12.01;399;2024;
Samsung;Galaxy Tab A9 64GB;366;4;2;8;MediaTek Helio G99;5100;8.07;179;2023;
Samsung;Galaxy Tab A7 Lite 32GB;366;3;2;8;MediaTek Helio P22T;5100;8.07;149;2021;
Apple;iPhone 12 mini 64GB;135;4;12;12;A14 Bionic;2227;5.04;699;2020;
Apple;iPhone 12 mini 128GB;135;4;12;12;A14 Bionic;2227;5.04;799;2020;
Apple;iPhone 12 mini 256GB;135;4;12;12;A14 Bionic;2227;5.04;899;2020;
Apple;iPhone 13 mini 128GB;140;4;12;12;A15 Bionic;2438;5.04;699;2021;
Apple;iPhone 13 mini 256GB;140;4;12;12;A15 Bionic;2438;5.04;799;2021;
Apple;iPhone 13 mini 512GB;140;4;12;12;A15 Bionic;2438;5.04;899;2021;
Apple;iPhone 12 64GB;164;4;12;12;A14 Bionic;2815;6.01;799;2020;
Apple;iPhone 12 128GB;164;4;12;12;A14 Bionic;2815;6.01;899;2020;
Apple;iPhone 12 256GB;164;4;12;12;A14 Bionic;2815;6.01;999;2020;
Apple;iPhone 12 Pro 128GB;189;6;12;12;A14 Bionic;2815;6.01;999;2020;
Apple;iPhone 12 Pro 256GB;189;6;12;12;A14 Bionic;2815;6.01;1099;2020;
Apple;iPhone 12 Pro 512GB;189;6;12;12;A14 Bionic;2815;6.01;1199;2020;
Apple;iPhone 11 Pro 64GB;188;4;12;12;A13 Bionic;3046;5.08;999;2019;
Apple;iPhone 11 Pro 256GB;188;4;12;12;A13 Bionic;3046;5.08;1099;2019;
Apple;iPhone 11 Pro 512GB;188;4;12;12;A13 Bionic;3046;5.08;1199;2019;
Apple;iPhone 13 Pro 128GB;204;6;12;12;A15 Bionic;3095;6.01;999;2021;
Apple;iPhone 13 Pro 256GB;204;6;12;12;A15 Bionic;3095;6.01;1099;2021;
Apple;iPhone 13 Pro 512GB;204;6;12;12;A15 Bionic;3095;6.01;1199;2021;
Apple;iPhone 11 64GB;194;4;12;12;A13 Bionic;3110;6.01;699;2019;
Apple;iPhone 11 128GB;194;4;12;12;A13 Bionic;3110;6.01;799;2019;
Apple;iPhone 11 256GB;194;4;12;12;A13 Bionic;3110;6.01;899;2019;
Apple;iPhone 14 128GB;172;6;12;12;A15 Bionic;3200;6.01;799;2022;
Apple;iPhone 14 256GB;172;6;12;12;A15 Bionic;3200;6.01;849;2022;
Apple;iPhone 14 512GB;172;6;12;12;A15 Bionic;3200;6.01;949;2022;
Apple;iPhone 13 128GB;174;4;12;12;A15 Bionic;3240;6.01;799;2021;
Apple;iPhone 13 256GB;174;4;12;12;A15 Bionic;3240;6.01;899;2021;
Apple;iPhone 13 512GB;174;4;12;12;A15 Bionic;3240;6.01;999;2021;
Apple;iPhone 12 Pro Max 128GB;228;6;12;12;A14 Bionic;3687;6.07;1099;2020;
Apple;iPhone 12 Pro Max 256GB;228;6;12;12;A14 Bionic;3687;6.07;1199;2020;
Apple;iPhone 12 Pro Max 512GB;228;6;12;12;A14 Bionic;3687;6.07;1399;2020;
Apple;iPhone 11 Pro Max 64GB;226;4;12;12;A13 Bionic;3969;6.05;1099;2019;
Apple;iPhone 11 Pro Max 256GB;226;4;12;12;A13 Bionic;3969;6.05;1199;2019;
Apple;iPhone 11 Pro Max 512GB;226;4;12;12;A13 Bionic;3969;6.05;1399;2019;
Vivo;X21 128GB;156;6;12;12;Qualcomm Snapdragon 660;3200;6.28;349;2018;
Vivo;X21 64GB;156;4;12;12;Qualcomm Snapdragon 660;3200;6.28;299;2018;
Samsung;Galaxy Z Flip 5 256GB;187;8;12;12;Snapdragon 8 Gen 2;3700;6.07;999;2023;
Samsung;Galaxy Z Flip 5 512GB;187;8;12;12;Snapdragon 8 Gen 2;3700;6.07;1099;2023;
Apple;iPhone 14 Plus 128GB;203;6;12;12;A15 Bionic;4325;6.07;899;2022;
Apple;iPhone 14 Plus 256GB;203;6;12;12;A15 Bionic;4325;6.07;999;2022;
Apple;iPhone 14 Plus 512GB;203;6;12;12;A15 Bionic;4325;6.07;1049;2022;
Apple;iPhone 13 Pro Max 128GB;238;6;12;12;A15 Bionic;4352;6.07;1099;2021;
Apple;iPhone 13 Pro Max 256GB;238;6;12;12;A15 Bionic;4352;6.07;1199;2021;
Apple;iPhone 13 Pro Max 512GB;238;6;12;12;A15 Bionic;4352;6.07;1399;2021;
Sony;Xperia 1 IV 256GB;185;12;12;12;Snapdragon 8 Gen 1;5000;6.05;1599;2022;
Sony;Xperia 5 IV 128GB;172;8;12;12;Snapdragon 8 Gen 1;5000;6.01;999;2022;
Apple;iPad Air 10.9-inch 64GB;458;4;12;12;A14 Bionic;7608;10.09;599;2020;
Apple;iPad Air 10.9-inch 256GB;458;4;12;12;A14 Bionic;7608;10.09;749;2020;
Samsung;Galaxy Note 10 256GB;168;8;10;12;Exynos 9825;3500;6.03;949;2019;
Samsung;Galaxy Note 10 128GB;168;8;10;12;Exynos 9825;3500;6.03;899;2019;
Samsung;Galaxy Z Flip 4 256GB;187;8;10;12;Snapdragon 8 Gen 1;3700;6.07;999;2022;
Samsung;Galaxy Z Flip 4 512GB;187;8;10;12;Snapdragon 8 Gen 1;3700;6.07;1099;2022;
Samsung;Galaxy Note 10+ 256GB;196;12;10;12;Exynos 9825;4300;6.08;1099;2019;
Samsung;Galaxy Note 10+ 512GB;196;12;10;12;Exynos 9825;4300;6.08;1199;2019;
Google;Pixel 4 64GB;162;6;8;12;Snapdragon 855;2800;5.07;799;2019;
Oppo;A52 5G 128GB;184;4;8;12;MediaTek Dimensity 720;4000;6.05;169;2020;
Sony;Xperia 10 IV 128GB;161;6;8;12;Snapdragon 695;5000;6.00;499;2022;
Apple;iPad Pro 13-inch 128GB;708;6;7;12;A12Z Bionic;10307;13;1099;2020;
Apple;iPad Pro 13-inch 256GB;708;6;7;12;A12Z Bionic;10307;13;1199;2020;
Apple;iPad Pro 13-inch 512GB;708;6;7;12;A12Z Bionic;10307;13;1399;2020;
Apple;iPad Pro 13-inch 1TB;708;6;7;12;A12Z Bionic;10307;13;1599;2020;
Apple;iPad Pro 13-inch 2TB;708;6;7;12;A12Z Bionic;10307;13;1799;2020;
Apple;iPhone XS 64GB;177;4;7;12;A12 Bionic;2658;5.08;999;2018;
Apple;iPhone XS 256GB;177;4;7;12;A12 Bionic;2658;5.08;1099;2018;
Apple;iPhone XS 512GB;177;4;7;12;A12 Bionic;2658;5.08;1299;2018;
Apple;iPhone X 64GB;174;3;7;12;A11 Bionic;2716;5.08;999;2017;
Apple;iPhone X 256GB;174;3;7;12;A11 Bionic;2716;5.08;1099;2017;
Apple;iPhone XR 64GB;194;3;7;12;A12 Bionic;2942;6.01;749;2018;
Apple;iPhone XR 128GB;194;3;7;12;A12 Bionic;2942;6.01;799;2018;
Apple;iPhone XR 256GB;194;3;7;12;A12 Bionic;2942;6.01;899;2018;
Apple;iPhone XS Max 64GB;208;4;7;12;A12 Bionic;3174;6.05;1099;2018;
Apple;iPhone XS Max 256GB;208;4;7;12;A12 Bionic;3174;6.05;1249;2018;
Apple;iPhone XS Max 512GB;208;4;7;12;A12 Bionic;3174;6.05;1399;2018;
Apple;iPad Pro 11-inch 128GB;468;4;7;12;A12Z Bionic;7812;11;799;2020;
Apple;iPad Pro 11-inch 256GB;468;4;7;12;A12Z Bionic;7812;11;899;2020;
Apple;iPad Pro 11-inch 512GB;468;6;7;12;A12Z Bionic;7812;11;1099;2020;
Apple;iPad Pro 12.9-inch 128GB;682;6;7;12;A12Z Bionic;9720;12.09;999;2020;
Apple;iPad Pro 12.9-inch 256GB;682;6;7;12;A12Z Bionic;9720;12.09;1099;2020;
Apple;iPad Pro 12.9-inch 512GB;682;6;7;12;A12Z Bionic;9720;12.09;1299;2020;
Vivo;Y95 64GB;163;4;20;13;Snapdragon 439;4030;6.22;199;2018;
Huawei;MatePad Pro 12.2 512GB;508;12;16;13;Kirin 9000S;10100;12.02;999;2024;
Huawei;MatePad Pro 13.2 512GB;580;12;16;13;Kirin 9000S;10100;13.02;877;2024;
Vivo;Y66 32GB;155;3;16;13;Snapdragon 430;3000;5.05;179;2017;
Lenovo;K10 Plus 64GB;172;4;16;13;Snapdragon 632;4050;6.22;179;2019;
OnePlus;OnePlus Nord N200 64GB;189;4;16;13;Snapdragon 480;5000;6.49;199;2021;
Samsung;Galaxy J7 Pro 64GB;181;3;13;13;Exynos 7870;3600;5.05;179;2017;
Samsung;Galaxy Tab S9+ 256GB;586;12;12;13;Snapdragon 8 Gen 2;10090;12.04;999;2023;
Samsung;Galaxy Tab S8+ 256GB;567;8;12;13;Snapdragon 8 Gen 1;10090;12.04;899;2022;
Samsung;Galaxy Tab S9 Ultra 256GB;732;12;12;13;Snapdragon 8 Gen 2;11200;14.06;1199;2023;
Samsung;Galaxy Tab S8 Ultra 256GB;726;12;12;13;Snapdragon 8 Gen 1;11200;14.06;1099;2022;
Samsung;Galaxy Tab S8 128GB;503;8;12;13;Snapdragon 8 Gen 1;8000;11;699;2022;
Samsung;Galaxy Tab S9 128GB;498;8;12;13;Snapdragon 8 Gen 2;8400;11;799;2023;
Honor;MagicPad 13;590;12;8;13;Qualcomm Snapdragon 8+ Gen 1;10000;13.00;799;2023;
Vivo;V3 Max 32GB;168;4;8;13;Snapdragon 652;3000;5.05;179;2016;
Samsung;Galaxy J6+ 64GB;178;4;8;13;Snapdragon 425;3300;6.00;169;2018;
Oppo;A51 5G 128GB;186;4;8;13;MediaTek Dimensity 700;4000;6.05;149;2020;
Oppo;A50 5G 128GB;185;4;8;13;MediaTek Dimensity 700;4000;6.05;139;2020;
Oppo;A49 5G 128GB;185;4;8;13;MediaTek Dimensity 700;4000;6.05;129;2020;
Oppo;A59 5G 128GB;186;6;8;13;MediaTek Dimensity 6020;5000;6.56;199;2023;
Oppo;A59 5G 256GB;186;8;8;13;MediaTek Dimensity 6020;5000;6.56;229;2023;
Oppo;A57 5G 128GB;186;6;8;13;MediaTek Dimensity 810;5000;6.56;219;2022;
Oppo;A56 5G 128GB;189;6;8;13;MediaTek Dimensity 700;5000;6.05;199;2021;
Oppo;A55 5G 128GB;186;6;8;13;MediaTek Dimensity 700;5000;6.05;189;2021;
Motorola;Moto E14 64GB;180;4;8;13;Unisoc T606;5000;6.05;150;2024;
Motorola;Moto E14 128GB;180;4;8;13;Unisoc T606;5000;6.05;180;2024;
Nokia;C22 64GB;190;2;8;13;Unisoc SC9863A;5000;6.05;119;2023;
Nokia;C22 128GB;190;3;8;13;Unisoc SC9863A;5000;6.05;139;2023;
Tecno;Spark Go 1S 64GB;190;4;8;13;MediaTek Helio A22;5000;6.06;129;2024;
Infinix;Hot 40i;195;4;8;13;Unisoc T606;5000;6.06;159;2023;
Infinix;Hot 30i 128GB;191;4;8;13;Unisoc T606;5000;6.06;159;2023;
Infinix;Hot 30i NFC 128GB;191;4;8;13;Unisoc T606;5000;6.06;159;2023;
Infinix;Hot 12 128GB;195;6;8;13;MediaTek Helio G85;5000;0,306944444;179;2022;
Infinix;Hot 12i 64GB;190;4;8;13;MediaTek Helio A22;5000;6.06;139;2022;
Infinix;Hot 20i 64GB;195;4;8;13;MediaTek Helio G25;5000;6.06;139;2022;
Infinix;Hot 10 Lite 64GB;195;3;8;13;MediaTek Helio A25;5000;6.06;109;2020;
Infinix;Hot 10 Lite 64GB;195;3;8;13;MediaTek Helio A25;5000;6.06;109;2020;
Infinix;Smart 5 64GB;195;3;8;13;MediaTek Helio A20;5000;6.06;99;2020;
Honor;Play 5T;191;6;8;13;Unisoc T610;5000;6.05;219;2021;
Infinix;Hot 11 128GB;201;4;8;13;MediaTek Helio G70;5200;6.06;159;2021;
OnePlus;OnePlus Nord N100 64GB;185;4;8;13;Qualcomm Snapdragon 460;5000;6.52;179;2020;
OnePlus;OnePlus Nord N100 5G 64GB;185;4;8;13;Qualcomm Snapdragon 460;5000;6.52;179;2020;
Vivo;Y12s 64GB;191;3;8;13;MediaTek Helio P35;5000;6.51;159;2020;
Vivo;Y12s 128GB;191;4;8;13;MediaTek Helio P35;5000;6.51;179;2020;
Vivo;Y11 32GB;190;3;8;13;Qualcomm Snapdragon 439;5000;6.35;149;2019;
Vivo;Y11 64GB;190;3;8;13;Qualcomm Snapdragon 439;5000;6.35;169;2019;
Vivo;Y30 128GB;193;4;8;13;MediaTek Helio P35;5000;6.47;199;2020;
Vivo;Y30 64GB;193;3;8;13;MediaTek Helio P35;5000;6.47;169;2020;
Vivo;Y21 128GB;182;4;8;13;MediaTek Helio P35;5000;6.51;199;2021;
Vivo;Y21 64GB;182;4;8;13;MediaTek Helio P35;5000;6.51;179;2021;
Infinix;Hot 12 Play 128GB;209;4;8;13;Unisoc T610;6000;0,306944444;159;2022;
Infinix;Hot 20 Play 128GB;209;4;8;13;MediaTek Helio G37;6000;0,306944444;159;2022;
Infinix;Hot 10 Play 64GB;207;4;8;13;MediaTek Helio G25;6000;0,306944444;139;2021;
Infinix;Hot 11 Play 128GB;209;4;8;13;MediaTek Helio G35;6000;0,306944444;169;2021;
Infinix;Xpad;450;6;8;13;MediaTek Helio G99;7000;10.01;299;2024;
Honor;Tablet V7;480;6;8;13;MediaTek Dimensity 800;7250;10.04;399;2021;
Honor;Tablet V7 Pro;485;8;8;13;MediaTek Dimensity 1300T;7250;11.00;499;2021;
Samsung;Galaxy Tab Active 4 Pro 128GB;674;6;8;13;Snapdragon 778G;7600;10.01;649;2022;
Honor;Pad X9 Pro;505;8;8;13;Qualcomm Snapdragon 7s Gen 2;8000;11.06;399;2024;
Honor;Pad 9;550;8;8;13;Qualcomm Snapdragon 6 Gen 1;8300;12.01;399;2024;
Realme;Pad X 64GB;499;4;8;13;Qualcomm Snapdragon 695;8340;11;310;2022;
Realme;Pad X 128GB;499;6;8;13;Qualcomm Snapdragon 695;8340;11;350;2022;
Honor;Pad V8 Pro;530;8;8;13;MediaTek Dimensity 9000;8500;12.01;649;2023;
Honor;Pad V9;530;8;8;13;MediaTek Dimensity 9000;8500;12.01;649;2024;
Honor;Pad V10;530;8;8;13;MediaTek Dimensity 9000;8500;12.01;649;2024;
Vivo;Pad 128GB;498;6;8;13;Snapdragon 870;8040;11;329;2022;
Vivo;Pad Air 128GB;510;6;8;13;Snapdragon 870;8040;10.04;279;2023;
Vivo;Pad 3 128GB;500;6;8;13;Snapdragon 750G;8040;11;349;2023;
iQOO;Pad 128GB;520;6;8;13;Snapdragon 870;8040;11;349;2023;
Oppo;Pad Neo 128GB;520;6;8;13;Snapdragon 870;8360;11;499;2023;
Oppo;Pad Neo 256GB;520;8;8;13;Snapdragon 870;8360;11;599;2023;
Honor;Pad 9 Pro;560;12;8;13;MediaTek Dimensity 8100;9000;12.06;499;2024;
Honor;Pad X10 Pro;485;8;8;13;Qualcomm Snapdragon 7s Gen 2;9000;12.06;499;2024;
OnePlus;OnePlus Pad;550;8;8;13;MediaTek Dimensity 9000;9510;0,500694444;499;2023;
OnePlus;OnePlus Pad 2;550;8;8;13;MediaTek Dimensity 9000;9510;0,500694444;549;2024;
Oppo;Pad 3 128GB;533;8;8;13;Dimensity 8350;9510;11.06;699;2024;
Oppo;Pad 3 256GB;533;12;8;13;Dimensity 8350;9510;11.06;799;2024;
Oppo;Pad 3 Pro 256GB;586;12;8;13;Snapdragon 8 Gen 3;9510;12.01;899;2024;
Oppo;Pad 3 Pro 512GB;586;16;8;13;Snapdragon 8 Gen 3;9510;12.01;999;2024;
Vivo;X3S 16GB;153;1;5;13;MediaTek MT6592;2000;5.00;139;2014;
Vivo;X5Max 16GB;146;2;5;13;Snapdragon 615;2300;5.05;199;2014;
Samsung;Galaxy J4 16GB;175;2;5;13;Exynos 7570;3000;5.05;129;2018;
Vivo;Y81 32GB;146;3;5;13;MediaTek Helio P22;3260;6.22;149;2018;
Lenovo;A6 Note 32GB;172;3;5;13;Helio P22;4000;6.09;149;2019;
Lenovo;K13 32GB;190;2;5;13;Unisoc SC9863A;5000;6.52;149;2021;
Motorola;Moto G Play 32GB;203;3;5;13;MediaTek Helio G25;5000;6.05;149;2022;
Motorola;Moto G Play 64GB;203;4;5;13;MediaTek Helio G25;5000;6.05;179;2022;
Honor;Play 6;190;6;5;13;MediaTek MT6762G Helio G25;5000;6.52;179;2022;
Honor;Play 6T;198;6;5;13;MediaTek Dimensity 700;5000;0,301388889;229;2022;
Honor;Play 8;191;4;5;13;MediaTek Helio G36;5000;6.52;149;2023;
Honor;Play 9;191;4;5;13;MediaTek Helio G36;5000;6.52;149;2023;
Honor;Play 7;196;4;5;13;MediaTek Helio G37;5200;0,301388889;159;2023;
Honor;Play 7T;199;6;5;13;MediaTek Dimensity 6020;5200;0,301388889;199;2023;
Samsung;Galaxy M04 64GB;188;4;5;13;MediaTek Helio P35;5000;6.05;199;2022;
Samsung;Galaxy M04 128GB;188;4;5;13;MediaTek Helio P35;5000;6.05;249;2022;
Samsung;Galaxy Tab Active 5 128GB;433;6;5;13;Exynos 1380;5050;8;549;2024;
Samsung;Galaxy Tab Active 3 64GB;426;4;5;13;Exynos 9810;5050;8;499;2020;
Honor;Pad V8;510;6;5;13;MediaTek Dimensity 8020;7250;11.00;449;2023;
Vivo;V9 64GB;150;4;24;16;Snapdragon 626;3260;6.03;219;2018;
Vivo;V5 Plus 64GB;158;4;20;16;Snapdragon 625;3055;5.05;249;2017;
Vivo;X9 Plus 128GB;199;6;20;16;Snapdragon 653;4000;0,269444444;299;2017;
Lenovo;Z5 Pro 64GB;210;6;16;16;Snapdragon 710;3350;6.39;299;2018;
Samsung;Galaxy C7 Pro 64GB;165;4;16;16;Snapdragon 625;3300;5.07;299;2017;
OnePlus;OnePlus 5T Star Wars Edition 128GB;162;6;16;16;Snapdragon 835;3300;6.01;649;2017;
Samsung;Galaxy J8 64GB;191;4;16;16;Snapdragon 450;3500;6.00;199;2018;
Lenovo;K10 Note 64GB;164;4;16;16;Snapdragon 710;4050;6.03;219;2019;
Lenovo;K10 Note 128GB;164;6;16;16;Snapdragon 710;4050;6.03;249;2019;
Samsung;Galaxy C9 Pro 64GB;189;6;16;16;Snapdragon 653;4000;6.00;399;2016;
Vivo;Z1 Pro 64GB;159;4;16;16;Qualcomm Snapdragon 712;4500;6.53;249;2019;
Vivo;Z1 Pro 128GB;159;6;16;16;Qualcomm Snapdragon 712;4500;6.53;299;2019;
Honor;MagicPad 2;580;16;12;16;Qualcomm Snapdragon 8 Gen 2;10500;13.02;899;2024;
Honor;Pad GT Pro;610;12;12;16;Qualcomm Snapdragon 8 Gen 3;10500;13.05;999;2024;
Honor;MagicPad 3;590;12;12;16;Qualcomm Snapdragon 8 Gen 3;10500;13;799;2024;
Vivo;Z3 64GB;162;6;12;16;Snapdragon 710;3315;6.03;249;2018;
Samsung;Galaxy C5 32GB;143;4;8;16;Snapdragon 617;2600;5.02;249;2016;
Oppo;A53 5G 128GB;175;4;8;16;MediaTek Dimensity 720;4040;6.05;179;2020;
Motorola;Moto E32s 64GB;185;3;8;16;MediaTek Helio G37;5000;6.05;199;2022;
Infinix;Hot 10 128GB;204;4;8;16;MediaTek Helio G70;5200;0,304166667;159;2020;
Infinix;Hot 30 Play 128GB;205;4;8;16;MediaTek Helio G37;6000;0,306944444;179;2023;
Samsung;Galaxy Xcover 5 64GB;172;4;5;16;Exynos 850;3000;5.03;249;2020;
Motorola;Moto E22i 32GB;169;2;5;16;MediaTek Helio G37;4020;6.05;179;2022;
Motorola;Moto E22 64GB;169;4;5;16;MediaTek Helio G37;4020;6.05;199;2022;
OnePlus;OnePlus 6 Special Edition 128GB;177;6;16;20;Snapdragon 845;3300;6.28;599;2018;
OnePlus;OnePlus 5 Special Edition 128GB;155;8;16;20;Snapdragon 835;3300;5.05;599;2017;
OnePlus;OnePlus 6T McLaren Edition 256GB;185;10;16;20;Snapdragon 845;3700;6.41;799;2018;
Honor;30;185;8;32;40;Kirin 985 5G;4000;6.53;449;2020;
Honor;Play 4 Pro;213;8;32;40;Kirin 990 5G;4200;6.57;549;2020;
Honor;X10;203;6;16;40;Kirin 820 5G;4300;0,29375;319;2020;
Huawei;P50 Pocket;190;8;10;40;Snapdragon 888 4G;4000;6.09;1299;2021;
Vivo;V15 Pro 128GB;185;6;32;48;Qualcomm Snapdragon 675;3700;6.39;399;2019;
Vivo;V15 Pro 256GB;185;6;32;48;Qualcomm Snapdragon 675;3700;6.39;449;2019;
Oppo;Reno4 5G 128GB;183;8;32;48;Snapdragon 765G;4000;6.43;299;2020;
Oppo;Reno4 5G 256GB;183;8;32;48;Snapdragon 765G;4000;6.43;349;2020;
Oppo;Reno4 Pro 5G 256GB;172;12;32;48;Snapdragon 765G;4000;6.55;499;2020;
Lenovo;Z6 Pro 128GB;185;6;32;48;Snapdragon 855;4000;6.39;429;2019;
Lenovo;Z6 Pro 256GB;185;8;32;48;Snapdragon 855;4000;6.39;479;2019;
Oppo;Reno3 Pro 5G 256GB;171;12;32;48;Snapdragon 765G;4025;6.05;499;2019;
Oppo;K7 5G 128GB;180;8;32;48;Qualcomm Snapdragon 765G;4025;6.04;279;2020;
Oppo;K7 5G 256GB;180;8;32;48;Qualcomm Snapdragon 765G;4025;6.04;299;2020;
Oppo;K7 5G 128GB;180;8;32;48;Qualcomm Snapdragon 765G;4025;6.04;279;2020;
Vivo;V15 128GB;190;6;32;48;MediaTek Helio P70;4000;6.53;299;2019;
Vivo;V15 256GB;190;6;32;48;MediaTek Helio P70;4000;6.53;319;2019;
Vivo;X27 Pro 128GB;190;8;32;48;Qualcomm Snapdragon 710;4000;6.39;499;2019;
Vivo;X27 Pro 256GB;190;8;32;48;Qualcomm Snapdragon 710;4000;6.39;549;2019;
Vivo;V17 Pro 128GB;201;8;32;48;Qualcomm Snapdragon 675;4100;6.44;399;2019;
Vivo;V17 Pro 256GB;201;8;32;48;Qualcomm Snapdragon 675;4100;6.44;429;2019;
Vivo;X60 Pro 256GB;190;12;32;48;Qualcomm Snapdragon 870;4200;6.56;899;2021;
Vivo;X60 Pro 512GB;190;12;32;48;Qualcomm Snapdragon 870;4200;6.56;999;2021;
Vivo;V19 128GB;176;8;32;48;Qualcomm Snapdragon 712;4500;6.44;399;2020;
Vivo;V19 256GB;176;8;32;48;Qualcomm Snapdragon 712;4500;6.44;429;2020;
Vivo;S1 Pro 128GB;185;6;32;48;MediaTek Helio P65;4500;6.38;249;2019;
Vivo;S1 Pro 256GB;185;6;32;48;MediaTek Helio P65;4500;6.38;269;2019;
OnePlus;OnePlus Open 256GB;238;16;32;48;Snapdragon 8 Gen 2;4800;7.08;1099;2024;
Oppo;Find N3 512GB;239;12;32;48;Snapdragon 8 Gen 2;4805;0,348611111;1399;2023;
Motorola;One Vision 3 128GB;180;6;25;48;Exynos 9609;3500;6.03;299;2024;
Motorola;One Vision 3 256GB;180;8;25;48;Exynos 9609;3500;6.03;349;2024;
POCO;F3 128GB;196;6;20;48;Snapdragon 870;4520;0,296527778;349;2021;
POCO;X3 Pro 128GB;215;6;20;48;Snapdragon 860;5160;0,296527778;249;2021;
OnePlus;OnePlus 7R 128GB;190;6;16;48;Snapdragon 855;3700;6.41;599;2020;
Honor;X30i;175;6;16;48;MediaTek Dimensity 810;4000;6.07;299;2021;
Infinix;Zero 8i 128GB;210;8;16;48;MediaTek Helio G90T;4500;0,309027778;249;2020;
Honor;X30;189;6;16;48;Qualcomm Snapdragon 695;4800;0,30625;379;2021;
OnePlus;OnePlus 7 Pro 5G 256GB;206;12;16;48;Snapdragon 855;4000;0,296527778;799;2019;
OnePlus;OnePlus 7T Pro 5G McLaren Edition 256GB;206;12;16;48;Snapdragon 855;4085;0,296527778;899;2019;
OnePlus;OnePlus Nord 1 128GB;184;6;16;48;Snapdragon 765G;4115;6.44;349;2020;
OnePlus;OnePlus 8 128GB;180;8;16;48;Snapdragon 865;4300;6.55;699;2020;
OnePlus;OnePlus 8R 128GB;192;8;16;48;Snapdragon 865;4300;6.55;649;2020;
OnePlus;OnePlus 9 Pro 256GB;192;12;16;48;Snapdragon 888;4500;6.07;699;2021;
OnePlus;OnePlus 9 128GB;183;8;16;48;Snapdragon 888;4500;6.55;599;2021;
OnePlus;OnePlus 8T Cyberpunk 2077 Edition 256GB;188;12;16;48;Snapdragon 865;4500;6.55;749;2020;
OnePlus;OnePlus 9T 128GB;192;8;16;48;Snapdragon 888;4500;6.55;649;2021;
OnePlus;OnePlus 8T 256GB;188;12;16;48;Snapdragon 865;4500;6.55;599;2020;
OnePlus;OnePlus 9R 5G 128GB;189;8;16;48;Snapdragon 870;4500;6.55;599;2021;
OnePlus;OnePlus 8T Cyberpunk Edition 256GB;188;12;16;48;Snapdragon 865;4500;6.55;799;2020;
OnePlus;OnePlus 8 Pro 256GB;199;12;16;48;Snapdragon 865;4510;0,304166667;749;2020;
OnePlus;OnePlus 8 Pro McLaren Edition 256GB;199;12;16;48;Snapdragon 865;4510;0,304166667;899;2020;
Oppo;A54 5G 128GB;190;6;16;48;Qualcomm Snapdragon 480;5000;6.05;219;2021;
Oppo;K7x 128GB;194;6;16;48;MediaTek Dimensity 720;5000;6.05;199;2020;
Oppo;K7x 128GB;194;6;16;48;MediaTek Dimensity 720;5000;6.05;199;2020;
Nokia;G400 128GB;198;6;16;48;Snapdragon 480;5000;6.58;239;2022;
Realme;14x 5G 128GB;190;6;16;48;Qualcomm Snapdragon 7s Gen 2;5500;6.06;270;2025;
Realme;14x 5G 256GB;190;8;16;48;Qualcomm Snapdragon 7s Gen 2;5500;6.06;290;2025;
POCO;M2 Pro 64GB;209;4;16;48;Snapdragon 720G;5000;0,296527778;199;2020;
Huawei;P60;197;8;13;48;Snapdragon 8+ Gen 1 4G;4815;0,296527778;999;2023;
Samsung;Galaxy A34 128GB;199;6;13;48;MediaTek Dimensity 1080;5000;6.06;349;2023;
Samsung;Galaxy A34 256GB;199;6;13;48;MediaTek Dimensity 1080;5000;6.06;399;2023;
POCO;X5 128GB;189;6;13;48;Snapdragon 695;5000;0,296527778;279;2023;
Apple;iPhone 15 128GB;171;6;12;48;A16 Bionic;3200;6.01;799;2023;
Apple;iPhone 15 256GB;171;6;12;48;A16 Bionic;3200;6.01;849;2023;
Apple;iPhone 15 512GB;171;6;12;48;A16 Bionic;3200;6.01;949;2023;
Apple;iPhone 16 128GB;174;6;12;48;A17 Bionic;3600;6.01;799;2024;
Apple;iPhone 16 256GB;174;6;12;48;A17 Bionic;3600;6.01;849;2024;
Apple;iPhone 16 512GB;174;6;12;48;A17 Bionic;3600;6.01;899;2024;
Apple;iPhone 16 Plus 128GB;203;6;12;48;A17 Bionic;4200;6.07;899;2024;
Apple;iPhone 16 Plus 256GB;203;6;12;48;A17 Bionic;4200;6.07;949;2024;
Apple;iPhone 16 Plus 512GB;203;6;12;48;A17 Bionic;4200;6.07;999;2024;
Apple;iPhone 14 Pro 128GB;206;6;12;48;A16 Bionic;4200;6.01;1099;2022;
Apple;iPhone 14 Pro 256GB;206;8;12;48;A16 Bionic;4200;6.01;1199;2022;
Apple;iPhone 14 Pro 512GB;206;8;12;48;A16 Bionic;4200;6.01;1299;2022;
Apple;iPhone 15 Plus 128GB;203;6;12;48;A16 Bionic;4300;6.07;899;2023;
Apple;iPhone 15 Plus 256GB;203;6;12;48;A16 Bionic;4300;6.07;999;2023;
Apple;iPhone 15 Plus 512GB;203;6;12;48;A16 Bionic;4300;6.07;1049;2023;
Apple;iPhone 15 Pro 128GB;206;6;12;48;A16 Bionic;4400;6.01;1099;2023;
Apple;iPhone 15 Pro 256GB;206;8;12;48;A16 Bionic;4400;6.01;1199;2023;
Apple;iPhone 15 Pro 512GB;206;8;12;48;A16 Bionic;4400;6.01;1299;2023;
Apple;iPhone 16 Pro Max 128GB;221;6;12;48;A17 Pro;4500;6.07;1099;2024;
Apple;iPhone 16 Pro Max 256GB;221;8;12;48;A17 Pro;4500;6.07;1199;2024;
Apple;iPhone 16 Pro Max 512GB;221;8;12;48;A17 Pro;4500;6.07;1299;2024;
Apple;iPhone 15 Pro Max 128GB;221;6;12;48;A16 Bionic;4500;6.07;1199;2023;
Apple;iPhone 15 Pro Max 256GB;221;8;12;48;A16 Bionic;4500;6.07;1299;2023;
Apple;iPhone 15 Pro Max 512GB;221;8;12;48;A16 Bionic;4500;6.07;1399;2023;
Apple;iPhone 14 Pro Max 128GB;221;6;12;48;A16 Bionic;4500;6.07;1199;2022;
Apple;iPhone 14 Pro Max 256GB;221;8;12;48;A16 Bionic;4500;6.07;1299;2022;
Apple;iPhone 14 Pro Max 512GB;221;8;12;48;A16 Bionic;4500;6.07;1399;2022;
Sony;Xperia 1 V 256GB;187;12;12;48;Snapdragon 8 Gen 2;5000;6.05;1699;2023;
Sony;Xperia 5 V 128GB;178;8;12;48;Snapdragon 8 Gen 2;5000;6.01;1099;2023;
Sony;Xperia 1 VI 256GB;190;12;12;48;Snapdragon 8 Gen 3;5000;6.05;1799;2024;
Sony;Xperia 5 VI 128GB;180;8;12;48;Snapdragon 8 Gen 3;5000;6.01;1199;2024;
Honor;9X Lite;175;4;8;48;Kirin 710F;3750;6.05;219;2020;
Lenovo;K14 Plus 64GB;198;4;8;48;Unisoc T700;5000;6.05;199;2022;
Lenovo;K14 Plus 128GB;198;6;8;48;Unisoc T700;5000;6.05;229;2022;
Lenovo;K13 Note 64GB;200;4;8;48;Snapdragon 460;5000;6.05;199;2021;
Motorola;Moto E40 Plus 64GB;198;4;8;48;Unisoc T700;5000;6.05;199;2023;
Motorola;Moto E40 Plus 128GB;198;6;8;48;Unisoc T700;5000;6.05;229;2023;
Sony;Xperia 10 V 128GB;164;6;8;48;Snapdragon 695;5000;6.01;599;2023;
Sony;Xperia 10 VI 128GB;167;6;8;48;Snapdragon 7 Gen 1;5000;6.01;699;2024;
Infinix;Hot 10T 128GB;205;4;8;48;MediaTek Helio G70;5000;0,306944444;149;2021;
Honor;X10 Max;227;8;8;48;MediaTek Dimensity 800;5000;7.09;379;2020;
Honor;10X Lite;206;4;8;48;Kirin 710A;5000;0,296527778;229;2020;
Nokia;G20 64GB;197;4;8;48;MediaTek G35;5050;6.52;169;2021;
Nokia;G20 128GB;197;4;8;48;MediaTek G35;5050;6.52;189;2021;
Infinix;Note 8i 128GB;210;6;8;48;MediaTek Helio G80;5200;0,304166667;199;2020;
POCO;M3 Pro 5G 64GB;190;4;8;48;MediaTek Dimensity 700;5000;6.05;199;2021;
Infinix;Hot 10S 128GB;211;6;8;48;MediaTek Helio G85;6000;0,306944444;169;2021;
Infinix;Hot 10S NFC 128GB;211;6;8;48;MediaTek Helio G85;6000;0,306944444;179;2021;
POCO;M3 64GB;198;4;8;48;Snapdragon 662;6000;6.53;149;2020;
Huawei;Nova 10;168;8;60;50;Snapdragon 778G 4G;4000;0,296527778;499;2022;
Huawei;Nova 10 Pro;191;8;60;50;Snapdragon 778G 4G;4500;0,304166667;599;2022;
Huawei;Nova 11;168;8;60;50;Snapdragon 778G 4G;4500;6.07;499;2023;
Huawei;Nova 11 Pro;188;8;60;50;Snapdragon 778G 4G;4500;0,304166667;599;2023;
Huawei;Nova 11 Ultra;188;12;60;50;Snapdragon 778G 4G;4500;0,304166667;699;2023;
Huawei;Nova 12;168;8;60;50;Kirin 9000S;4500;6.07;499;2024;
Huawei;Nova 12 Pro;188;8;60;50;Kirin 9000S;4500;0,304166667;599;2024;
Huawei;Nova 13 Pro 256GB;190;8;60;50;Kirin 9000S;4600;0,304166667;649;2024;
Huawei;Nova 13 Pro 512GB;190;8;60;50;Kirin 9000S;4600;0,304166667;729;2024;
Motorola;Edge 50 Pro 128GB;186;8;50;50;Snapdragon 7 Gen 3;4500;6.07;549;2024;
Motorola;Edge 50 Pro 256GB;186;12;50;50;Snapdragon 7 Gen 3;4500;6.07;599;2024;
Huawei;Nova 13 256GB;170;8;50;50;Kirin 9000S;4600;6.07;529;2024;
Huawei;Nova 13 512GB;170;8;50;50;Kirin 9000S;4600;6.07;599;2024;
Vivo;V27 128GB;182;8;50;50;MediaTek Dimensity 8200;4600;0,304166667;599;2023;
Vivo;V27 256GB;182;8;50;50;MediaTek Dimensity 8200;4600;0,304166667;649;2023;
Vivo;V27 Pro 128GB;182;8;50;50;MediaTek Dimensity 8200;4600;0,304166667;699;2023;
Vivo;V27 Pro 256GB;182;8;50;50;MediaTek Dimensity 8200;4600;0,304166667;749;2023;
Oppo;Reno13 256GB;200;12;50;50;MediaTek Dimensity 8350;5600;6.59;699;2025;
Oppo;Reno13 Pro 512GB;210;12;50;50;MediaTek Dimensity 8350;5800;0,307638889;799;2025;
Honor;Magic V;288;12;42;50;Qualcomm Snapdragon 8 Gen 1;4750;7.09;1799;2022;
Motorola;Razr 128GB;192;8;32;50;Snapdragon 8+ Gen 1;3500;6.07;999;2023;
Motorola;Razr 256GB;192;12;32;50;Snapdragon 8+ Gen 1;3500;6.07;1099;2023;
Motorola;Razr 50 256GB;188;8;32;50;Snapdragon 7 Gen 1;3800;6.07;999;2024;
Motorola;Razr 50 Ultra 512GB;189;12;32;50;Snapdragon 8+ Gen 1;4000;6.09;1199;2024;
Huawei;Nova 9 Pro;186;8;32;50;Snapdragon 778G 4G;4000;0,3;599;2021;
Honor;30 Pro;190;8;32;50;Kirin 990 5G;4000;6.57;599;2020;
Honor;30 Pro+;192;12;32;50;Kirin 990 5G;4000;6.57;699;2020;
Motorola;S50 Neo 256GB;170;8;32;50;MediaTek Dimensity 7200;4300;6.05;300;2024;
Motorola;S50 Neo 512GB;170;12;32;50;MediaTek Dimensity 7200;4300;6.05;350;2024;
Huawei;Nova 9;175;8;32;50;Snapdragon 778G 4G;4300;6.57;499;2021;
Tecno;Phantom V Flip2 256GB;195;8;32;50;MediaTek Dimensity 8050;4300;6.09;999;2024;
Motorola;Edge 50 Neo 256GB;171;8;32;50;MediaTek Dimensity 7300;4310;6.04;400;2024;
Motorola;Edge 50 Neo 512GB;171;12;32;50;MediaTek Dimensity 7300;4310;6.04;450;2024;
Motorola;Edge 30 Fusion 128GB;168;8;32;50;Snapdragon 888+ 5G;4400;6.55;699;2022;
Motorola;Edge 30 Fusion 256GB;168;12;32;50;Snapdragon 888+ 5G;4400;6.55;749;2022;
Oppo;Reno9 Pro 5G 256GB;184;16;32;50;Dimensity 8100;4500;6.07;599;2022;
Oppo;Reno8 5G 128GB;179;8;32;50;Dimensity 1300;4500;6.04;399;2022;
Oppo;Reno8 5G 256GB;179;12;32;50;Dimensity 1300;4500;6.04;449;2022;
Oppo;Reno8 Pro 5G 256GB;183;12;32;50;Dimensity 8100;4500;6.07;549;2022;
Oppo;Reno8 Pro+ 5G 256GB;195;12;32;50;Dimensity 8100;4500;6.07;599;2022;
Oppo;Reno7 Pro 5G 256GB;180;12;32;50;Dimensity 1200;4500;6.55;499;2021;
Oppo;Reno6 Pro+ 5G 256GB;188;12;32;50;Snapdragon 870;4500;6.55;599;2021;
Oppo;Reno5 Pro+ 5G 256GB;184;12;32;50;Snapdragon 865;4500;6.55;599;2020;
Oppo;Reno10 Pro 5G 256GB;186;12;32;50;Snapdragon 778G;4600;6.07;599;2023;
Xiaomi;Xiaomi 14 256GB;189;12;32;50;Snapdragon 8 Gen 3;4610;6.36;699;2023;
Xiaomi;Xiaomi 14 512GB;189;12;32;50;Snapdragon 8 Gen 3;4610;6.36;799;2023;
Oppo;Reno10 Pro+ 5G 256GB;194;16;32;50;Snapdragon 8+ Gen 1;4700;0,301388889;699;2023;
Oppo;Reno9 Pro+ 5G 256GB;192;16;32;50;Snapdragon 8+ Gen 1;4700;6.07;649;2022;
Motorola;Edge 50 256GB;180;8;32;50;Snapdragon 7s Gen 2;4700;6.07;450;2024;
Motorola;Edge 50 512GB;180;12;32;50;Snapdragon 7s Gen 2;4700;6.07;500;2024;
Motorola;Edge 256GB;174;8;32;50;Snapdragon 7s Gen 2;4700;6.07;450;2024;
Motorola;Edge 512GB;174;12;32;50;Snapdragon 7s Gen 2;4700;6.07;500;2024;
Oppo;Find N3 Flip 256GB;198;12;32;50;MediaTek Dimensity 9200;4300;6.08;999;2023;
Oppo;Find N2 Flip 256GB;191;8;32;50;Dimensity 9000+;4300;6.08;899;2023;
Oppo;Find N2 Flip 512GB;191;12;32;50;Dimensity 9000+;4300;6.08;999;2023;
Vivo;X70 Pro 128GB;185;8;32;50;MediaTek Dimensity 1200;4450;6.56;749;2021;
Vivo;X70 Pro 256GB;185;8;32;50;MediaTek Dimensity 1200;4450;6.56;799;2021;
OnePlus;OnePlus Nord 2T 128GB;190;8;32;50;MediaTek Dimensity 1300;4500;6.43;399;2022;
OnePlus;OnePlus Nord 2 128GB;190;8;32;50;MediaTek Dimensity 1200-AI;4500;6.43;349;2021;
OnePlus;OnePlus Nord 2 5G 128GB;189;8;32;50;MediaTek Dimensity 1200-AI;4500;6.43;399;2021;
Oppo;Find N2 256GB;233;12;32;50;Snapdragon 8+ Gen 1;4520;7.01;1099;2022;
Oppo;Reno12 Pro 512GB;190;12;32;50;MediaTek Dimensity 8200;4600;0,301388889;749;2024;
Oppo;Reno11 Pro 512GB;190;12;32;50;MediaTek Dimensity 8200;4600;0,301388889;699;2024;
Vivo;X80 256GB;206;12;32;50;MediaTek Dimensity 9000;4700;0,304166667;899;2022;
Vivo;X80 512GB;206;12;32;50;MediaTek Dimensity 9000;4700;0,304166667;999;2022;
Oppo;Find X8 256GB;195;8;32;50;Snapdragon 8 Gen 2;4800;6.07;1099;2024;
Oppo;Find X6 256GB;207;12;32;50;Dimensity 9200;4800;0,301388889;899;2023;
Oppo;Find X6 512GB;207;16;32;50;Dimensity 9200;4800;0,301388889;999;2023;
Oppo;Find X5 256GB;196;8;32;50;Snapdragon 888;4800;6.55;799;2022;
Vivo;X90 Pro 256GB;221;12;32;50;MediaTek Dimensity 9200;4870;0,304166667;1099;2022;
Vivo;X90 Pro 512GB;221;12;32;50;MediaTek Dimensity 9200;4870;0,304166667;1199;2022;
Xiaomi;Xiaomi 14T Pro 256GB;209;12;32;50;Dimensity 9300+;5000;0,296527778;634;2024;
Xiaomi;Xiaomi 14T Pro 512GB;209;12;32;50;Dimensity 9300+;5000;0,296527778;790;2024;
Xiaomi;Xiaomi 14T Pro 1TB;209;12;32;50;Dimensity 9300+;5000;0,296527778;899;2024;
Xiaomi;Xiaomi 14T 256GB;195;12;32;50;Dimensity 8300-Ultra;5000;0,296527778;599;2024;
Xiaomi;Xiaomi 14T 512GB;195;12;32;50;Dimensity 8300-Ultra;5000;0,296527778;699;2024;
Xiaomi;Xiaomi 14 Pro 256GB;206;12;32;50;Snapdragon 8 Gen 3;5000;0,300694444;799;2023;
Xiaomi;Xiaomi 14 Pro 512GB;206;12;32;50;Snapdragon 8 Gen 3;5000;0,300694444;899;2023;
Motorola;Edge 50 Fusion 128GB;168;8;32;50;Snapdragon 7 Gen 1;5000;6.07;499;2024;
Motorola;Edge 50 Fusion 256GB;168;12;32;50;Snapdragon 7 Gen 1;5000;6.07;549;2024;
Motorola;Moto G85 128GB;173;8;32;50;Snapdragon 6s Gen 3;5000;0,296527778;320;2024;
Motorola;Moto G85 256GB;173;12;32;50;Snapdragon 6s Gen 3;5000;0,296527778;370;2024;
Tecno;Camon 30 5G 256GB;198;8;32;50;MediaTek Dimensity 810;5000;6.07;499;2024;
Tecno;Camon 30 128GB;195;6;32;50;MediaTek Helio G99;5000;6.07;349;2024;
Tecno;Camon 20s 256GB;200;8;32;50;MediaTek Helio G99;5000;6.07;449;2024;
Tecno;Camon 20 Pro 5G 256GB;200;8;32;50;MediaTek Dimensity 810;5000;6.07;499;2024;
Tecno;Camon 20 Pro 128GB;198;6;32;50;MediaTek Helio G99;5000;6.07;349;2024;
Tecno;Camon 20 128GB;195;6;32;50;MediaTek Helio G99;5000;6.07;349;2024;
Infinix;Note 40S;196;8;32;50;MediaTek Helio G99;5000;0,304166667;279;2024;
Infinix;Hot 40;196;8;32;50;MediaTek Helio G88;5000;0,304166667;199;2023;
Tecno;Camon 30S 256GB;198;8;32;50;MediaTek Dimensity 810;5200;6.08;499;2024;
Tecno;Spark 30 Pro 256GB;205;8;32;50;MediaTek Helio G99;5200;6.08;269;2024;
Tecno;Spark 20 Pro 5G 256GB;210;8;32;50;MediaTek Dimensity 810;5200;6.08;329;2024;
Tecno;Spark 20 Pro+ 256GB;210;8;32;50;MediaTek Helio G99;5200;6.08;269;2024;
Xiaomi;Xiaomi 15 256GB;190;12;32;50;Snapdragon 8 Elite;5400;6.36;699;2024;
Xiaomi;Xiaomi 15 512GB;190;16;32;50;Snapdragon 8 Elite;5400;6.36;799;2024;
Realme;GT 6 128GB;191;8;32;50;Qualcomm Snapdragon 8s Gen 3;5500;0,304166667;380;2023;
Realme;GT 6 256GB;191;12;32;50;Qualcomm Snapdragon 8s Gen 3;5500;0,304166667;400;2023;
Realme;GT 6 512GB;191;16;32;50;Qualcomm Snapdragon 8s Gen 3;5500;0,304166667;420;2023;
Realme;GT 6T 128GB;191;8;32;50;Qualcomm Snapdragon 7 Plus Gen 3;5500;0,304166667;360;2023;
Realme;GT 6T 256GB;191;8;32;50;Qualcomm Snapdragon 7 Plus Gen 3;5500;0,304166667;380;2023;
Realme;13 Pro+ 5G 256GB;195;12;32;50;Qualcomm Snapdragon 7+ Gen 2;5500;0,304166667;360;2024;
Realme;13 Pro+ 5G 512GB;195;16;32;50;Qualcomm Snapdragon 7+ Gen 2;5500;0,304166667;380;2024;
Realme;P2 Pro 5G 256GB;188;12;32;50;Qualcomm Snapdragon 7+ Gen 3;5500;0,304166667;340;2024;
Realme;P2 Pro 5G 512GB;188;16;32;50;Qualcomm Snapdragon 7+ Gen 3;5500;0,304166667;360;2024;
Samsung;Galaxy A54 128GB;189;6;32;50;Exynos 1380;5000;6.04;399;2023;
Samsung;Galaxy A54 256GB;189;6;32;50;Exynos 1380;5000;6.04;449;2023;
OnePlus;OnePlus 12 256GB;205;12;32;50;Snapdragon 8 Gen 3;5000;6.07;799;2024;
OnePlus;OnePlus 10 Pro 256GB;200;12;32;50;Snapdragon 8 Gen 1;5000;6.07;899;2022;
OnePlus;OnePlus 11 Pro 256GB;204;16;32;50;Snapdragon 8 Gen 2;5000;6.07;899;2023;
OnePlus;OnePlus 11T 128GB;202;12;32;50;Snapdragon 8 Gen 2;5000;6.07;799;2023;
OnePlus;OnePlus 15R 128GB;210;12;32;50;Snapdragon 8 Gen 3;5000;6.07;849;2023;
OnePlus;OnePlus 13 Pro 256GB;215;12;32;50;Snapdragon 8 Gen 2;5000;6.07;899;2023;
Oppo;Find X8 Pro 256GB;210;12;32;50;Snapdragon 8 Gen 2;5000;6.08;1299;2024;
Oppo;Reno12 F 4G 256GB;187;8;32;50;Snapdragon 685;5000;6.07;449;2024;
Oppo;Reno12 F 256GB;187;8;32;50;Snapdragon 685;5000;6.07;449;2024;
Oppo;Reno12 256GB;185;8;32;50;MediaTek Dimensity 7050;5000;6.07;599;2024;
Oppo;Find X7 Ultra 256GB;221;12;32;50;Snapdragon 8 Gen 3;5000;0,306944444;1199;2024;
Oppo;Find X7 Ultra 512GB;221;16;32;50;Snapdragon 8 Gen 3;5000;0,306944444;1299;2024;
Oppo;Find X7 256GB;206;12;32;50;Dimensity 9300;5000;0,304166667;1099;2024;
Oppo;Find X7 512GB;206;16;32;50;Dimensity 9300;5000;0,304166667;1199;2024;
Oppo;Find X6 Pro 256GB;218;12;32;50;Snapdragon 8 Gen 2;5000;0,306944444;999;2023;
Oppo;Find X6 Pro 512GB;218;16;32;50;Snapdragon 8 Gen 2;5000;0,306944444;1099;2023;
Oppo;Find X5 Pro 256GB;218;12;32;50;Snapdragon 8 Gen 1;5000;6.07;899;2022;
Oppo;Find X5 Pro 512GB;218;16;32;50;Snapdragon 8 Gen 1;5000;6.07;999;2022;
Vivo;X200 Pro Mini 256GB;187;16;32;50;Dimensity 9400;5700;6.31;949;2024;
Oppo;Reno13 F 4G 256GB;192;8;32;50;MediaTek Helio G100;5800;0,296527778;499;2025;
Oppo;Reno13 F 256GB;192;8;32;50;MediaTek Helio G100;5800;0,296527778;499;2025;
Tecno;Pova 5G 512GB;240;8;32;50;MediaTek Dimensity 900;6000;6.09;699;2024;
Xiaomi;Xiaomi 15 Pro 256GB;210;12;32;50;Snapdragon 8 Elite;6100;0,300694444;799;2024;
Xiaomi;Xiaomi 15 Pro 512GB;210;16;32;50;Snapdragon 8 Elite;6100;0,300694444;899;2024;
Xiaomi;Xiaomi 15 Pro 1TB;210;16;32;50;Snapdragon 8 Elite;6100;0,300694444;999;2024;
Vivo;X200 128GB;223;12;32;50;Dimensity 9400;6000;0,304166667;999;2024;
Vivo;X200 256GB;223;12;32;50;Dimensity 9400;6000;0,304166667;1099;2024;
Infinix;Xpad Pro;480;12;32;50;MediaTek Dimensity 9200;9000;11.00;549;2024;
OnePlus;OnePlus Pad Pro;610;12;16;50;Snapdragon 8 Gen 3;11000;12.04;799;2024;
Honor;V40;189;8;16;50;MediaTek Dimensity 1000+;4000;0,3;599;2021;
Huawei;Mate X2;295;8;16;50;Kirin 9000 5G;4500;8;2699;2021;
OnePlus;OnePlus 12R 256GB;203;12;16;50;Snapdragon 8 Gen 2;4500;6.07;699;2024;
OnePlus;OnePlus 10T 256GB;203;12;16;50;Snapdragon 8+ Gen 1;4500;6.07;749;2022;
OnePlus;OnePlus 10T 5G 256GB;203;12;16;50;Snapdragon 8+ Gen 1;4500;6.07;749;2022;
OnePlus;OnePlus 13R 128GB;210;8;16;50;Snapdragon 8 Gen 2;4500;6.07;849;2023;
OnePlus;OnePlus 10R 128GB;205;8;16;50;MediaTek Dimensity 8100;4500;6.07;599;2022;
Realme;13+ 5G 128GB;185;8;16;50;MediaTek Dimensity 7200;5000;6.05;250;2024;
Realme;13+ 5G 256GB;185;8;16;50;MediaTek Dimensity 7200;5000;6.05;270;2024;
Realme;13 5G 128GB;190;6;16;50;MediaTek Dimensity 6100+;5000;6.06;220;2024;
Realme;13 5G 256GB;190;8;16;50;MediaTek Dimensity 6100+;5000;6.06;240;2024;
Realme;P1 5G 128GB;184;6;16;50;MediaTek Dimensity 6100+;5000;6.06;200;2024;
Realme;P1 5G 256GB;184;8;16;50;MediaTek Dimensity 6100+;5000;6.06;220;2024;
Realme;Narzo 70 Turbo 5G 128GB;200;8;16;50;MediaTek Dimensity 810;5000;6.06;240;2024;
Realme;Narzo 70 Turbo 5G 256GB;200;8;16;50;MediaTek Dimensity 810;5000;6.06;260;2024;
Realme;Narzo N61 128GB;195;6;16;50;MediaTek Helio G99;5000;6.05;180;2024;
Realme;Narzo N63 128GB;193;6;16;50;MediaTek Helio G88;5000;6.05;160;2024;
Realme;Narzo N65 5G 128GB;198;8;16;50;MediaTek Dimensity 700;5000;6.06;210;2024;
Realme;Note 50 128GB;195;6;16;50;MediaTek Helio G99;5000;6.05;170;2024;
Motorola;G84 5G 128GB;166;8;16;50;Snapdragon 695;5000;6.05;299;2023;
Motorola;G84 5G 256GB;166;12;16;50;Snapdragon 695;5000;6.05;349;2023;
Motorola;Moto G Stylus 64GB;195;4;16;50;MediaTek Helio G88;5000;6.08;199;2023;
Motorola;Moto G Stylus 128GB;195;6;16;50;MediaTek Helio G88;5000;6.08;249;2023;
Motorola;Moto G Power 64GB;206;4;16;50;Snapdragon 662;5000;6.06;249;2022;
Motorola;Moto G Power 128GB;206;6;16;50;Snapdragon 662;5000;6.06;279;2022;
Motorola;Moto G75 5G 128GB;205;8;16;50;Snapdragon 6 Gen 3;5000;0,304166667;320;2024;
Motorola;Moto G75 5G 256GB;205;8;16;50;Snapdragon 6 Gen 3;5000;0,304166667;370;2024;
Motorola;Moto G55 128GB;182;8;16;50;MediaTek Dimensity 7025;5000;6.49;270;2024;
Motorola;Moto G55 256GB;182;8;16;50;MediaTek Dimensity 7025;5000;6.49;320;2024;
Motorola;Moto G35 128GB;188;4;16;50;Unisoc T760;5000;0,3;200;2024;
Motorola;Moto G35 256GB;188;8;16;50;Unisoc T760;5000;0,3;250;2024;
Motorola;Moto G45 128GB;183;6;16;50;Snapdragon 6s Gen 3;5000;6.05;250;2024;
Motorola;Moto G45 256GB;183;8;16;50;Snapdragon 6s Gen 3;5000;6.05;300;2024;
Motorola;Moto G Stylus 5G 256GB;195;6;16;50;Snapdragon 6 Gen 1;5000;6.08;300;2024;
Motorola;Moto G Stylus 5G 512GB;195;8;16;50;Snapdragon 6 Gen 1;5000;6.08;350;2024;
Motorola;Moto G82 5G 128GB;173;6;16;50;Snapdragon 695 5G;5000;6.06;399;2022;
Motorola;Moto G82 5G 256GB;173;8;16;50;Snapdragon 695 5G;5000;6.06;449;2022;
Motorola;Moto G62 5G 128GB;184;4;16;50;Snapdragon 480+ 5G;5000;6.05;349;2022;
Motorola;Moto G62 5G 256GB;184;6;16;50;Snapdragon 480+ 5G;5000;6.05;399;2022;
Motorola;Moto G42 128GB;175;4;16;50;Snapdragon 680 4G;5000;6.04;299;2022;
Motorola;Moto G32 128GB;184;4;16;50;Snapdragon 680 4G;5000;6.05;279;2022;
Motorola;Moto G22 64GB;185;4;16;50;MediaTek Helio G37;5000;6.05;249;2022;
Tecno;Spark 30C 5G 128GB;200;6;16;50;MediaTek Dimensity 6100+;5000;6.06;199;2024;
Tecno;Spark 30 5G 128GB;195;6;16;50;MediaTek Dimensity 6020;5000;6.06;229;2024;
Tecno;Spark 30 128GB;192;4;16;50;MediaTek Helio G85;5000;6.06;179;2024;
Tecno;Spark 30C 128GB;190;4;16;50;MediaTek Helio G85;5000;6.06;149;2024;
Tecno;Spark 20P 128GB;195;4;16;50;MediaTek Helio G85;5000;6.06;179;2024;
Tecno;Spark 20 Pro 128GB;195;6;16;50;MediaTek Helio G85;5000;6.06;199;2024;
Tecno;Spark 20 128GB;192;4;16;50;MediaTek Helio G85;5000;6.06;179;2024;
Tecno;Spark 20C 128GB;190;4;16;50;MediaTek Helio G85;5000;6.06;149;2024;
Infinix;Hot 50 Pro;194;8;16;50;MediaTek Helio G99;5000;6.08;269;2024;
Honor;Magic Vs;267;12;16;50;Qualcomm Snapdragon 8+ Gen 1;5000;7.09;1699;2023;
Honor;Magic V2;231;12;16;50;Qualcomm Snapdragon 8 Gen 2;5000;0,355555556;1899;2024;
Honor;Magic V3;231;12;16;50;Qualcomm Snapdragon 8 Gen 2;5000;0,355555556;1899;2024;
Realme;P2 Pro 5G 128GB;195;8;16;50;MediaTek Dimensity 9200;5100;6.07;350;2024;
Realme;P2 Pro 5G 256GB;195;12;16;50;MediaTek Dimensity 9200;5100;6.07;400;2024;
Lenovo;Legion Y70 128GB;209;8;16;50;Snapdragon 8+ Gen 1;5100;0,296527778;499;2022;
Lenovo;Legion Y70 256GB;209;12;16;50;Snapdragon 8+ Gen 1;5100;0,296527778;549;2022;
Lenovo;Legion Y70 512GB;209;16;16;50;Snapdragon 8+ Gen 1;5100;0,296527778;599;2022;
Realme;13 Pro 5G 128GB;192;8;16;50;Qualcomm Snapdragon 7s Gen 2;5200;6.07;300;2024;
Realme;13 Pro 5G 256GB;192;12;16;50;Qualcomm Snapdragon 7s Gen 2;5200;6.07;320;2024;
Realme;Narzo 70 5G 128GB;198;8;16;50;MediaTek Dimensity 810;5200;6.06;230;2024;
Realme;Note 60x 128GB;198;6;16;50;MediaTek Dimensity 6100+;5200;6.06;210;2024;
Realme;Note 60 128GB;196;6;16;50;MediaTek Dimensity 810;5200;6.06;220;2024;
Realme;Note 60 256GB;196;8;16;50;MediaTek Dimensity 810;5200;6.06;240;2024;
Realme;GT 7 128GB;199;8;16;50;Qualcomm Snapdragon 8 Gen 2;5200;6.08;440;2024;
Realme;GT 7 256GB;199;12;16;50;Qualcomm Snapdragon 8 Gen 2;5200;6.08;500;2024;
Infinix;Hot 50 5G;195;8;16;50;MediaTek Dimensity 810;5200;0,304166667;289;2024;
Realme;14 Pro 5G 128GB;184;8;16;50;MediaTek Dimensity 7300 Energy;5800;6.07;320;2025;
Realme;14 Pro 5G 256GB;184;8;16;50;MediaTek Dimensity 7300 Energy;5800;6.07;340;2025;
OnePlus;OnePlus 11 256GB;205;12;16;50;Snapdragon 8 Gen 1;5000;6.07;699;2023;
OnePlus;OnePlus 11R 256GB;202;12;16;50;Snapdragon 8 Gen 1;5000;6.07;599;2023;
OnePlus;OnePlus Nord 3 256GB;190;12;16;50;MediaTek Dimensity 9000;5000;0,301388889;499;2023;
OnePlus;OnePlus Nord CE 3 128GB;179;8;16;50;Snapdragon 782G;5000;0,3;399;2023;
OnePlus;OnePlus 12T 5G 256GB;200;12;16;50;Snapdragon 8 Gen 2;5000;6.07;849;2023;
Vivo;T3 5G 128GB;180;8;16;50;Snapdragon 870;5000;0,296527778;349;2024;
Vivo;iQOO 12 256GB;210;16;16;50;Snapdragon 8 Gen 3;5000;0,304166667;699;2024;
Vivo;Y33s 128GB;182;8;16;50;MediaTek Helio G80;5000;6.58;239;2021;
Vivo;Y33s 64GB;182;4;16;50;MediaTek Helio G80;5000;6.58;179;2021;
Vivo;Y75 5G 128GB;179;8;16;50;MediaTek Dimensity 700;5000;6.58;349;2021;
Vivo;Y75 5G 256GB;179;8;16;50;MediaTek Dimensity 700;5000;6.58;399;2021;
Vivo;T1 5G 128GB;181;6;16;50;Qualcomm Snapdragon 695;5000;6.58;269;2022;
Vivo;T1 5G 256GB;181;8;16;50;Qualcomm Snapdragon 695;5000;6.58;319;2022;
POCO;M4 Pro 5G 128GB;195;4;16;50;MediaTek Dimensity 810;5000;6.06;219;2021;
Realme;14 Pro+ 5G 256GB;184;12;16;50;Qualcomm Snapdragon 7s Gen 3;6000;0,307638889;340;2025;
Realme;14 Pro+ 5G 512GB;184;12;16;50;Qualcomm Snapdragon 7s Gen 3;6000;0,307638889;360;2025;
Tecno;Pova 6 Neo 5G 256GB;225;8;16;50;MediaTek Dimensity 810;6000;6.08;349;2024;
Tecno;Pova 6 Neo 256GB;230;8;16;50;MediaTek Helio G99;6000;6.08;299;2024;
Tecno;Pova 5 256GB;230;8;16;50;MediaTek Helio G99;6000;6.08;329;2024;
Oppo;A5 Pro 256GB;180;8;16;50;Dimensity 7300;6000;6.07;599;2024;
Oppo;A5 Pro 512GB;186;12;16;50;Dimensity 7300;6000;6.07;699;2024;
Oppo;K12 Plus 256GB;192;8;16;50;Snapdragon 7 Gen 3;6400;6.07;699;2024;
Oppo;K12 Plus 512GB;192;12;16;50;Snapdragon 7 Gen 3;6400;6.07;799;2024;
Infinix;Xpad 5G;470;8;16;50;MediaTek Dimensity 810;8000;10.04;399;2024;
Huawei;P50;181;8;13;50;Snapdragon 888 4G;4100;6.05;699;2021;
Huawei;P50E;181;8;13;50;Snapdragon 778G 4G;4100;6.05;649;2022;
Huawei;P50 Pro;195;8;13;50;Snapdragon 888 4G;4360;6.06;899;2021;
Huawei;Mate 50;202;8;13;50;Snapdragon 8+ Gen 1 4G;4460;6.07;999;2022;
Honor;Magic3;202;8;13;50;Qualcomm Snapdragon 888;4600;0,302777778;899;2021;
Honor;Magic3 Pro;213;8;13;50;Qualcomm Snapdragon 888+;4600;0,302777778;1099;2021;
Honor;Magic3 Pro+;236;12;13;50;Qualcomm Snapdragon 888+;4600;0,302777778;1299;2021;
Huawei;Mate 50 Pro;205;8;13;50;Snapdragon 8+ Gen 1 4G;4700;0,301388889;1199;2022;
Huawei;Mate 60;209;12;13;50;Kirin 9000S;4750;6.07;1099;2023;
Huawei;Pura 70;220;12;13;50;Kirin 9010;4900;6.08;999;2024;
Huawei;Mate 70;220;12;13;50;Kirin 9010;4900;6.07;899;2024;
Samsung;Galaxy Xcover 6 Pro 128GB;235;6;13;50;Exynos 1380;4050;6.06;499;2022;
Huawei;Mate 60 Pro;225;12;13;50;Kirin 9000S;5000;0,306944444;1299;2023;
Huawei;Mate 70 Pro;220;12;13;50;Kirin 9010;5000;6.08;999;2024;
Huawei;Mate 70 Pro+;220;12;13;50;Kirin 9010;5000;6.08;1099;2024;
Huawei;Mate XT 256GB;245;12;13;50;Kirin 9010;5000;0,355555556;2599;2024;
Huawei;Mate XT 512GB;245;12;13;50;Kirin 9010;5000;0,355555556;2799;2024;
Huawei;Pura 70 Pro;220;12;13;50;Kirin 9010;5050;6.08;1099;2024;
Huawei;Pura 70 Pro+;220;12;13;50;Kirin 9010;5050;6.08;1199;2024;
Huawei;Mate 60 Pro+;235;12;13;50;Kirin 9000S;5200;0,306944444;1499;2023;2019
Huawei;Pura 70 Ultra;226;16;13;50;Kirin 9010;5200;6.08;1299;2024;2019
Samsung;Galaxy A24 128GB;195;6;13;50;MediaTek Helio G99;5000;6.05;299;2023;
Samsung;Galaxy A24 256GB;195;6;13;50;MediaTek Helio G99;5000;6.05;349;2023;
Samsung;Galaxy A14 128GB;190;4;13;50;Exynos 850;5000;6.06;249;2023;
Samsung;Galaxy A14 256GB;190;4;13;50;Exynos 850;5000;6.06;299;2023;
Samsung;Galaxy M34 128GB;199;6;13;50;Exynos 1280;6000;6.05;299;2023;
Samsung;Galaxy M34 256GB;199;6;13;50;Exynos 1280;6000;6.05;349;2023;
Samsung;Galaxy M14 128GB;202;4;13;50;Exynos 850;6000;6.06;249;2023;
Samsung;Galaxy M14 256GB;202;4;13;50;Exynos 850;6000;6.06;299;2023;
Samsung;Galaxy F34 128GB;190;6;13;50;Exynos 1280;6000;6.05;299;2023;
Samsung;Galaxy F34 256GB;190;6;13;50;Exynos 1280;6000;6.05;349;2023;
Samsung;Galaxy F14 128GB;198;4;13;50;Exynos 850;6000;6.06;249;2023;
Samsung;Galaxy F14 256GB;198;4;13;50;Exynos 850;6000;6.06;299;2023;
Tecno;Megapad 11 256GB;450;8;13;50;MediaTek G99;8000;11;349;2024;
Samsung;Galaxy S23 128GB;168;8;12;50;Snapdragon 8 Gen 2;3900;6.01;799;2023;
Samsung;Galaxy S23 256GB;168;8;12;50;Snapdragon 8 Gen 2;3900;6.01;899;2023;
Apple;iPhone 16 Pro 128GB;206;6;12;50;A17 Pro;4400;6.01;999;2024;
Apple;iPhone 16 Pro 256GB;206;8;12;50;A17 Pro;4400;6.01;1049;2024;
Apple;iPhone 16 Pro 512GB;206;8;12;50;A17 Pro;4400;6.01;1099;2024;
Honor;Magic4 Pro;215;8;12;50;Qualcomm Snapdragon 8 Gen 1;4600;0,30625;1099;2022;
Honor;Magic4 Ultimate;242;12;12;50;Qualcomm Snapdragon 8 Gen 1;4600;0,30625;1299;2022;
Honor;Magic4;199;8;12;50;Qualcomm Snapdragon 8 Gen 1;4800;0,30625;899;2022;
Samsung;Galaxy S24 128GB;168;8;12;50;Exynos 2400;4000;6.01;799;2024;
Samsung;Galaxy S24 256GB;168;8;12;50;Exynos 2400;4000;6.01;899;2024;
Samsung;Galaxy S23+ 128GB;196;8;12;50;Snapdragon 8 Gen 2;4700;6.06;899;2023;
Samsung;Galaxy S23+ 256GB;196;8;12;50;Snapdragon 8 Gen 2;4700;6.06;999;2023;
Samsung;Galaxy S24+ 128GB;196;8;12;50;Exynos 2400;4800;6.06;899;2024;
Samsung;Galaxy S24+ 256GB;196;8;12;50;Exynos 2400;4800;6.06;999;2024;
Honor;Magic5;204;8;12;50;Qualcomm Snapdragon 8 Gen 2;5100;0,30625;999;2023;
Honor;Magic5 Pro;219;12;12;50;Qualcomm Snapdragon 8 Gen 2;5100;0,30625;1199;2023;
Honor;Magic6;203;8;12;50;Qualcomm Snapdragon 8 Gen 3;5200;0,30625;1099;2024;
Honor;Magic7;203;8;12;50;Qualcomm Snapdragon 8 Gen 3;5200;0,30625;1099;2024;
Honor;Magic5 Ultimate;234;16;12;50;Qualcomm Snapdragon 8 Gen 2;5450;0,30625;1399;2023;
Honor;Magic6 Pro;219;12;12;50;Qualcomm Snapdragon 8 Gen 3;5500;0,30625;1299;2024;
Honor;Magic7 Pro;219;12;12;50;Qualcomm Snapdragon 8 Gen 3;5500;0,30625;1299;2024;
Honor;Magic6 Ultimate;234;16;12;50;Qualcomm Snapdragon 8 Gen 3;5550;0,30625;1499;2024;
Honor;Magic7 Ultimate;234;16;12;50;Qualcomm Snapdragon 8 Gen 3;5550;0,30625;1499;2024;
Tecno;Megapad 128GB;420;6;12;50;MediaTek Helio G80;7500;10.09;299;2024;
Samsung;Galaxy S22 128GB;167;8;10;50;Exynos 2200;3800;6.01;699;2022;
Samsung;Galaxy S22 256GB;167;8;10;50;Exynos 2200;3800;6.01;799;2022;
Samsung;Galaxy Z Fold 5 256GB;254;12;10;50;Snapdragon 8 Gen 2;4400;7.06;1799;2023;
Samsung;Galaxy Z Fold 5 512GB;254;12;10;50;Snapdragon 8 Gen 2;4400;7.06;1899;2023;
Samsung;Galaxy Z Fold 4 256GB;263;12;10;50;Snapdragon 8 Gen 1;4400;7.06;1799;2022;
Samsung;Galaxy Z Fold 4 512GB;263;12;10;50;Snapdragon 8 Gen 1;4400;7.06;1899;2022;
Samsung;Galaxy Z Fold6 256GB;239;12;10;50;Snapdragon 8 Gen 3;4400;7.06;1899;2024;
Samsung;Galaxy Z Fold6 512GB;239;12;10;50;Snapdragon 8 Gen 3;4400;7.06;1719;2024;
Samsung;Galaxy Z Fold6 1TB;239;12;10;50;Snapdragon 8 Gen 3;4400;7.06;2259;2024;
Samsung;Galaxy S22+ 128GB;195;8;10;50;Exynos 2200;4500;6.06;799;2022;
Samsung;Galaxy S22+ 256GB;195;8;10;50;Exynos 2200;4500;6.06;899;2022;
Honor;X40i;175;6;8;50;MediaTek Dimensity 700;4000;6.07;279;2022;
Google;Pixel 6 128GB;207;8;8;50;Google Tensor;4614;6.04;699;2021;
Huawei;Mate X3;239;12;8;50;Snapdragon 8+ Gen 1 4G;4800;0,350694444;2499;2023;
Huawei;Mate X6;241;12;8;50;Kirin 9010;4800;0,35625;2499;2024;
Oppo;A58 5G 256GB;188;8;8;50;MediaTek Dimensity 700;5000;6.56;249;2022;
Realme;C75 128GB;190;6;8;50;MediaTek Helio G85;5000;6.06;160;2024;
Realme;C75 256GB;190;8;8;50;MediaTek Helio G85;5000;6.06;180;2024;
Realme;C61 128GB;189;4;8;50;Unisoc T612;5000;6.05;130;2024;
Realme;C67 128GB;195;6;8;50;MediaTek Helio G88;5000;6.06;170;2024;
Realme;C67 256GB;195;8;8;50;MediaTek Helio G88;5000;6.06;190;2024;
Realme;C65 128GB;192;6;8;50;Qualcomm Snapdragon 680;5000;6.06;160;2024;
Realme;C65 256GB;192;8;8;50;Qualcomm Snapdragon 680;5000;6.06;180;2024;
Realme;C63 128GB;191;6;8;50;MediaTek Helio G85;5000;6.06;150;2024;
Nokia;G42 5G 128GB;193;4;8;50;Snapdragon 480+;5000;6.56;229;2023;
Nokia;C32 64GB;199;3;8;50;Unisoc SC9863A;5000;6.52;139;2023;
Nokia;C32 128GB;199;4;8;50;Unisoc SC9863A;5000;6.52;159;2023;
Infinix;Hot 50;192;6;8;50;MediaTek Helio G85;5000;0,304166667;219;2024;
Infinix;Hot 50i;190;4;8;50;Unisoc T606;5000;6.06;179;2024;
Infinix;Hot 30 128GB;196;8;8;50;MediaTek Helio G88;5000;0,304166667;199;2023;
Infinix;Hot 30 5G 128GB;202;8;8;50;MediaTek Dimensity 810;5000;0,304166667;239;2023;
Infinix;Hot 12 Pro 128GB;191;8;8;50;Unisoc T616;5000;6.06;199;2022;
Infinix;Hot 20 128GB;198;6;8;50;MediaTek Helio G85;5000;0,306944444;199;2022;
Infinix;Hot 20s 128GB;202;8;8;50;MediaTek Helio G96;5000;0,304166667;219;2022;
Infinix;Hot 20 5G 128GB;204;6;8;50;MediaTek Dimensity 810;5000;6.06;239;2022;
Infinix;Hot 11s 128GB;205;6;8;50;MediaTek Helio G88;5000;0,304166667;189;2021;
Nokia;G21 64GB;190;4;8;50;Unisoc T606;5050;6.05;169;2022;
Nokia;G21 128GB;190;6;8;50;Unisoc T606;5050;6.05;189;2022;
Honor;X40;172;6;8;50;Qualcomm Snapdragon 695;5100;0,296527778;299;2022;
Oppo;A60 128GB;186;8;8;50;Snapdragon 680 4G;5000;0,296527778;449;2024;
Oppo;A60 256GB;186;8;8;50;Snapdragon 680 4G;5000;0,296527778;499;2024;
POCO;M6 64GB;199;4;8;50;MediaTek Helio G88;5000;6.58;199;2023;
POCO;M6 Pro 128GB;202;6;8;50;Snapdragon 4 Gen 1;5000;0,304861111;219;2023;
Oppo;A80 256GB;186;8;8;50;Dimensity 6300;5100;0,296527778;499;2024;
POCO;M7 5G 128GB;198;6;8;50;MediaTek Dimensity 7025;5110;0,296527778;229;2024;
Vivo;Pad 2 256GB;535;8;8;50;MediaTek Dimensity 1200;8040;11;399;2023;
Vivo;Pad 3 Pro 256GB;550;8;8;50;Snapdragon 888;8040;12.03;449;2023;
Vivo;Pad 4 Pro 256GB;560;8;8;50;MediaTek Dimensity 9000;8040;12.09;499;2024;
iQOO;Pad 2 256GB;540;8;8;50;Snapdragon 888;8040;12.03;399;2024;
iQOO;Pad 2 Pro 256GB;555;8;8;50;Snapdragon 8 Gen 1;8040;12.03;449;2024;
Oppo;A40 128GB;186;4;5;50;Qualcomm Snapdragon 6s Gen 1;5100;0,296527778;199;2024;
Oppo;A40 256GB;186;6;5;50;Qualcomm Snapdragon 6s Gen 1;5100;0,296527778;229;2024;
Honor;Play 8T;195;6;5;50;MediaTek Dimensity 6100+;5200;0,301388889;189;2023;
Honor;Play 9T;195;6;5;50;MediaTek Dimensity 6100+;5200;0,301388889;189;2023;
Samsung;Galaxy A04 64GB;188;4;5;50;Exynos 850;5000;6.05;199;2022;
Samsung;Galaxy A04 128GB;188;4;5;50;Exynos 850;5000;6.05;249;2022;
Oppo;A3 4G 128GB;186;4;5;50;Snapdragon 6s 4G Gen 1;5000;6.07;399;2024;
Oppo;A3 128GB;186;4;5;50;Snapdragon 6s 4G Gen 1;5000;6.07;399;2024;
Oppo;A3 128GB;186;4;5;50;Snapdragon 6s 4G Gen 1;5000;6.07;399;2024;
POCO;M5 128GB;201;4;5;50;MediaTek Helio G99;5000;6.58;199;2022;
POCO;C65 64GB;190;4;5;50;MediaTek Helio G85;5000;6.05;149;2024;
Honor;70 Pro;192;8;50;54;MediaTek Dimensity 8000;4500;0,304166667;699;2022;
Honor;70 Pro+;209;12;50;54;MediaTek Dimensity 9000;4500;0,304166667;799;2022;
Honor;70;178;8;32;54;Qualcomm Snapdragon 778G+;4800;0,296527778;549;2022;
Vivo;V23e 128GB;172;8;50;64;MediaTek Helio G96;4050;6.44;299;2021;
Vivo;V23e 256GB;172;8;50;64;MediaTek Helio G96;4050;6.44;349;2021;
Vivo;V23 5G 128GB;179;8;50;64;MediaTek Dimensity 920;4200;6.44;499;2022;
Vivo;V23 5G 256GB;179;8;50;64;MediaTek Dimensity 920;4200;6.44;549;2022;
Tecno;Camon 30 Pro 512GB;205;12;50;64;MediaTek Dimensity 8200;5200;6.08;899;2024;
Infinix;Zero 8 128GB;205;8;48;64;MediaTek Helio G90T;4500;0,309027778;279;2020;
Vivo;V20 Pro 128GB;173;8;44;64;Qualcomm Snapdragon 765G;4000;6.44;499;2020;
Vivo;V20 Pro 256GB;173;8;44;64;Qualcomm Snapdragon 765G;4000;6.44;549;2020;
Vivo;V40e 128GB;179;8;44;64;Snapdragon 778G;4100;6.44;449;2024;
Motorola;Edge 30 Neo 128GB;155;6;32;64;Snapdragon 695 5G;4020;6.28;499;2022;
Motorola;Edge 30 Neo 256GB;155;8;32;64;Snapdragon 695 5G;4020;6.28;549;2022;
Oppo;Reno3 5G 128GB;181;8;32;64;Dimensity 1000L;4025;6.04;249;2019;
Oppo;Reno3 5G 256GB;181;12;32;64;Dimensity 1000L;4025;6.04;299;2019;
Oppo;Reno6 5G 128GB;182;8;32;64;Dimensity 900;4300;6.43;349;2021;
Oppo;Reno6 5G 256GB;182;12;32;64;Dimensity 900;4300;6.43;399;2021;
Oppo;Reno5 5G 128GB;180;8;32;64;Snapdragon 765G;4300;6.43;299;2020;
Oppo;Reno5 5G 256GB;180;12;32;64;Snapdragon 765G;4300;6.43;349;2020;
Oppo;K9 5G 128GB;172;8;32;64;Qualcomm Snapdragon 768G;4300;6.43;279;2021;
Oppo;K9 5G 256GB;172;8;32;64;Qualcomm Snapdragon 768G;4300;6.43;299;2021;
Oppo;K9 5G 128GB;172;8;32;64;Qualcomm Snapdragon 768G;4300;6.43;279;2021;
Oppo;K9 5G 256GB;172;8;32;64;Qualcomm Snapdragon 768G;4300;6.43;299;2021;
Oppo;Reno5 Pro 5G 128GB;173;8;32;64;Dimensity 1000+;4350;6.55;399;2020;
Oppo;Reno5 Pro 5G 256GB;173;12;32;64;Dimensity 1000+;4350;6.55;449;2020;
Oppo;Reno9 5G 128GB;174;8;32;64;Snapdragon 778G;4500;6.07;449;2022;
Oppo;Reno9 5G 256GB;174;12;32;64;Snapdragon 778G;4500;6.07;499;2022;
Oppo;Reno7 5G 128GB;173;8;32;64;Dimensity 900;4500;6.04;349;2021;
Oppo;Reno7 5G 256GB;173;12;32;64;Dimensity 900;4500;6.04;399;2021;
Oppo;Reno6 Pro 5G 128GB;177;8;32;64;Dimensity 1200;4500;6.55;449;2021;
Oppo;Reno6 Pro 5G 256GB;177;12;32;64;Dimensity 1200;4500;6.55;499;2021;
Motorola;Moto S50 128GB;190;8;32;64;MediaTek Dimensity 8100;4500;6.07;300;2024;
Motorola;Moto S50 256GB;190;12;32;64;MediaTek Dimensity 8100;4500;6.07;350;2024;
Honor;80 SE;175;8;32;64;MediaTek Dimensity 900;4600;0,296527778;399;2022;
Honor;90 SE;175;8;32;64;MediaTek Dimensity 900;4600;0,296527778;399;2023;
OnePlus;OnePlus Nord X 128GB;190;8;32;64;Snapdragon 765G;4000;6.44;299;2020;
Vivo;X30 Pro 128GB;199;8;32;64;Qualcomm Snapdragon 855;4200;6.44;899;2019;
Vivo;X30 Pro 256GB;199;8;32;64;Qualcomm Snapdragon 855;4200;6.44;949;2019;
Vivo;V30 Pro 128GB;192;12;32;64;Dimensity 1100;4500;6.44;549;2024;
Oppo;F25 Pro 128GB;173;8;32;64;Snapdragon 778G;4500;6.55;549;2023;
Oppo;F25 Pro 256GB;173;8;32;64;Snapdragon 778G;4500;6.55;599;2023;
Vivo;V25 Pro 128GB;190;8;32;64;MediaTek Dimensity 1300;4830;6.56;599;2022;
Vivo;V25 Pro 256GB;190;8;32;64;MediaTek Dimensity 1300;4830;6.56;649;2022;
Oppo;Reno10 5G 128GB;180;8;32;64;Dimensity 7050;5000;6.07;499;2023;
Oppo;Reno10 5G 256GB;180;8;32;64;Dimensity 7050;5000;6.07;549;2023;
Motorola;Edge 50 Lite 128GB;170;6;32;64;Snapdragon 695;5000;6.07;399;2024;
Motorola;Edge 50 Lite 256GB;170;8;32;64;Snapdragon 695;5000;6.07;449;2024;
Tecno;Phantom V Fold2 512GB;280;12;32;64;MediaTek Dimensity 9200+;5500;0,350694444;1799;2024;
Oppo;Reno11 F 256GB;185;8;32;64;MediaTek Dimensity 7050;5000;6.07;499;2024;
Oppo;F27 128GB;175;8;32;64;Dimensity 7050;5000;6.07;499;2024;
Oppo;F27 256GB;175;8;32;64;Dimensity 7050;5000;6.07;549;2024;
Oppo;F27 Pro+ 256GB;177;8;32;64;Dimensity 7050;5000;6.07;599;2024;
Oppo;F27 Pro+ 512GB;177;12;32;64;Dimensity 7050;5000;6.07;699;2024;
Tecno;Pova 6 Pro 512GB;230;12;32;64;MediaTek Dimensity 8100;6000;6.09;1099;2024;
POCO;F4 128GB;195;6;20;64;Snapdragon 870;4500;0,296527778;349;2022;
POCO;F2 Pro 128GB;219;6;20;64;Snapdragon 865;4700;0,296527778;499;2020;
POCO;F4 GT 128GB;210;8;20;64;Snapdragon 8 Gen 1;4700;0,296527778;499;2022;
POCO;F6 128GB;190;6;20;64;Snapdragon 8 Gen 2;5000;0,296527778;449;2024;
POCO;X3 NFC 128GB;215;6;20;64;Snapdragon 732G;5160;0,296527778;229;2020;
POCO;F5 Pro 256GB;204;8;20;64;Snapdragon 8+ Gen 1;5160;0,296527778;499;2023;
Honor;Play 5;179;8;16;64;MediaTek Dimensity 800U;3800;6.53;319;2021;
Honor;30S;190;6;16;64;Kirin 820 5G;4000;6.05;349;2020;
Honor;X20 SE;179;6;16;64;MediaTek Dimensity 700;4000;6.06;299;2021;
Honor;Play 4;213;6;16;64;MediaTek Dimensity 800;4300;0,30625;349;2020;
Honor;X20;192;6;16;64;MediaTek Dimensity 900;4300;0,296527778;379;2021;
Honor;60 SE;191;8;16;64;MediaTek Dimensity 900;4300;0,296527778;449;2021;
Oppo;K9 Pro 5G 128GB;180;8;16;64;MediaTek Dimensity 1200;4500;6.43;299;2021;
Oppo;K9 Pro 5G 256GB;180;12;16;64;MediaTek Dimensity 1200;4500;6.43;329;2021;
Oppo;K9 Pro 5G 128GB;180;8;16;64;MediaTek Dimensity 1200;4500;6.43;299;2021;
Oppo;K9 Pro 5G 256GB;180;12;16;64;MediaTek Dimensity 1200;4500;6.43;329;2021;
OnePlus;OnePlus Nord N10 5G 128GB;190;6;16;64;Qualcomm Snapdragon 690;4300;6.49;299;2020;
OnePlus;OnePlus Nord CE 2 128GB;173;8;16;64;MediaTek Dimensity 1200;4500;6.43;299;2022;
OnePlus;OnePlus Nord CE 5G 128GB;170;6;16;64;Snapdragon 750G;4500;6.43;299;2021;
Vivo;Y100 5G 128GB;181;8;16;64;Dimensity 900;4500;6.38;299;2024;
Vivo;Y100 128GB;190;8;16;64;MediaTek Dimensity 900;4500;6.44;399;2023;
Vivo;Y100 256GB;190;8;16;64;MediaTek Dimensity 900;4500;6.44;449;2023;
Vivo;T2 Series 128GB;190;8;16;64;Qualcomm Snapdragon 695;4500;6.44;299;2023;
Vivo;T2 Series 256GB;190;8;16;64;Qualcomm Snapdragon 695;4500;6.44;349;2023;
OnePlus;OnePlus 14+ 128GB;202;8;16;64;Snapdragon 8 Gen 2;4800;6.55;799;2023;
Oppo;K10x 128GB;195;6;16;64;Qualcomm Snapdragon 695;5000;6.59;199;2022;
Oppo;K10x 256GB;195;8;16;64;Qualcomm Snapdragon 695;5000;6.59;229;2022;
Oppo;K10 5G 128GB;205;8;16;64;MediaTek Dimensity 8000-Max;5000;6.59;249;2022;
Oppo;K9x 128GB;194;6;16;64;MediaTek Dimensity 810;5000;6.05;199;2021;
Oppo;K9x 256GB;194;8;16;64;MediaTek Dimensity 810;5000;6.05;229;2021;
Oppo;K11 128GB;184;8;16;64;Qualcomm Snapdragon 782G;5000;6.07;259;2023;
Oppo;K11 256GB;184;12;16;64;Qualcomm Snapdragon 782G;5000;6.07;299;2023;
Oppo;K10x 128GB;195;6;16;64;Qualcomm Snapdragon 695;5000;6.59;199;2022;
Oppo;K10x 256GB;195;8;16;64;Qualcomm Snapdragon 695;5000;6.59;229;2022;
Oppo;K10 5G 128GB;205;8;16;64;MediaTek Dimensity 8000-Max;5000;6.59;249;2022;
Oppo;K10 5G 256GB;205;12;16;64;MediaTek Dimensity 8000-Max;5000;6.59;279;2022;
Oppo;K9x 128GB;194;6;16;64;MediaTek Dimensity 810;5000;6.05;199;2021;
Oppo;K9x 256GB;194;8;16;64;MediaTek Dimensity 810;5000;6.05;229;2021;
Realme;Neo 7 128GB;193;8;16;64;MediaTek Dimensity 8200;5000;6.07;330;2024;
Realme;Neo 7 256GB;193;12;16;64;MediaTek Dimensity 8200;5000;6.07;380;2024;
Lenovo;K13 Pro 128GB;200;6;16;64;Snapdragon 662;5000;6.08;249;2021;
Realme;P1 Speed 5G 128GB;185;8;16;64;MediaTek Dimensity 8100;5100;6.07;250;2024;
Realme;P1 Speed 5G 256GB;185;12;16;64;MediaTek Dimensity 8100;5100;6.07;270;2024;
Realme;P1 Pro 5G 128GB;190;8;16;64;Qualcomm Snapdragon 7s Gen 1;5200;6.07;270;2024;
Realme;P1 Pro 5G 256GB;190;12;16;64;Qualcomm Snapdragon 7s Gen 1;5200;6.07;290;2024;
Infinix;Note 8 128GB;210;6;16;64;MediaTek Helio G80;5200;0,315972222;229;2020;
OnePlus;OnePlus Nord N30 5G 128GB;192;8;16;64;MediaTek Dimensity 6020;5000;0,3;249;2023;
OnePlus;OnePlus Nord CE 2 Lite 128GB;195;6;16;64;MediaTek Dimensity 900;5000;6.59;249;2022;
Vivo;Y200 GT 128GB;190;12;16;64;Dimensity 1200;5000;6.58;399;2024;
Vivo;Y53s 128GB;190;6;16;64;MediaTek Helio G80;5000;6.58;229;2021;
Vivo;Y53s 64GB;190;6;16;64;MediaTek Helio G80;5000;6.58;179;2021;
POCO;X3 GT 128GB;193;6;16;64;MediaTek Dimensity 1100;5000;6.06;279;2021;
POCO;M4 Pro 128GB;179;6;16;64;MediaTek Helio G96;5000;6.43;219;2022;
POCO;F5 128GB;181;6;16;64;Snapdragon 7+ Gen 2;5000;0,296527778;349;2023;
POCO;X6 128GB;193;6;16;64;MediaTek Dimensity 8100;5000;0,296527778;349;2024;
POCO;X7 128GB;195;6;16;64;MediaTek Dimensity 8200;5000;0,296527778;329;2025;
POCO;F3 GT 128GB;205;6;16;64;MediaTek Dimensity 1200;5065;0,296527778;399;2021;
Huawei;Mate 40E;188;8;13;64;Kirin 990E 5G;4200;6.05;799;2021;
Realme;C55 128GB;189;6;8;64;MediaTek Helio G88;5000;0,3;170;2023;
Realme;C55 256GB;189;8;8;64;MediaTek Helio G88;5000;0,3;190;2023;
Honor;X30 Max;228;8;8;64;MediaTek Dimensity 900;5000;7.09;499;2021;
Honor;X50i;179;6;8;100;MediaTek Dimensity 6020;4500;6.07;249;2023;
Honor;X60i;179;6;8;100;MediaTek Dimensity 6020;4500;6.07;249;2023;
Honor;60 Pro;192;8;50;108;Qualcomm Snapdragon 778G+;4800;0,304166667;649;2021;
Infinix;Zero 40;195;12;50;108;MediaTek Dimensity 8200;5000;0,304166667;349;2024;
Infinix;Zero 40 5G;195;12;50;108;MediaTek Dimensity 8200;5000;0,304166667;379;2024;
Infinix;Zero 30 256GB;185;8;50;108;MediaTek Dimensity 8020;5000;0,304166667;349;2023;
Infinix;Zero 30 5G 256GB;185;12;50;108;MediaTek Dimensity 8020;5000;0,304166667;379;2023;
Tecno;Camon 30S Pro 512GB;202;12;50;108;MediaTek Dimensity 9200;5200;6.09;1099;2024;
Tecno;Camon 30 Premier 512GB;210;12;50;108;MediaTek Dimensity 9200;5200;6.09;1199;2024;
Tecno;Camon 20s Pro 5G 512GB;202;12;50;108;MediaTek Dimensity 9200;5200;6.09;1099;2024;
Tecno;Camon 20s Pro 256GB;202;12;50;108;MediaTek Dimensity 810;5200;6.09;899;2024;
Tecno;Camon 20 Premier 512GB;205;12;50;108;MediaTek Dimensity 8200;5200;6.08;1049;2024;
Honor;50 Pro;187;8;32;108;Qualcomm Snapdragon 778G;4000;0,3;649;2021;
Honor;50;175;8;32;108;Qualcomm Snapdragon 778G;4300;6.57;549;2021;
Infinix;Zero Flip;190;8;32;108;Qualcomm Snapdragon 778G;4500;6.07;399;2024;
Honor;60;179;8;32;108;Qualcomm Snapdragon 778G;4800;0,296527778;549;2021;
Vivo;S18 Pro 256GB;189;12;32;108;Snapdragon 8 Gen 2;4700;6.56;599;2024;
Infinix;Hot 40 Pro;195;8;32;108;MediaTek Helio G99;5000;0,304166667;229;2023;
Infinix;Note 40;190;8;32;108;MediaTek Helio G99;5000;0,304166667;279;2024;
Infinix;Note 40 Pro;190;12;32;108;MediaTek Dimensity 8100;5000;0,304166667;329;2024;
Infinix;GT 10 Pro 256GB;187;8;32;108;MediaTek Dimensity 8050;5000;0,296527778;399;2023;
Infinix;Note 40X 5G;198;8;32;108;MediaTek Dimensity 7200;5200;6.08;349;2024;
Infinix;Note 40 5G;195;8;32;108;MediaTek Dimensity 8100;5200;6.08;319;2024;
Infinix;Hot 50 Pro+;196;12;32;108;MediaTek Dimensity 9200;5300;6.09;379;2024;
Infinix;Note 40 Pro 5G;195;12;32;108;MediaTek Dimensity 9000;5300;6.08;399;2024;
Infinix;GT 20 Pro;198;12;32;108;MediaTek Dimensity 8200;5500;6.09;449;2024;
Infinix;Note 40 Racing Edition;196;12;32;108;MediaTek Dimensity 9200;5500;6.09;449;2024;
Samsung;Galaxy M54 128GB;202;8;32;108;Exynos 1380;6000;6.07;349;2023;
Samsung;Galaxy M54 256GB;202;8;32;108;Exynos 1380;6000;6.07;399;2023;
Samsung;Galaxy F54 128GB;199;8;32;108;Exynos 1380;6000;6.07;349;2023;
Samsung;Galaxy F54 256GB;199;8;32;108;Exynos 1380;6000;6.07;399;2023;
POCO;X6 Pro 256GB;205;8;20;108;MediaTek Dimensity 8300;5000;0,296527778;399;2024;
POCO;F6 Pro 256GB;210;8;20;108;Snapdragon 8+ Gen 2;5160;0,296527778;549;2024;
POCO;X7 Pro 256GB;207;8;20;108;MediaTek Dimensity 8400;6000;0,296527778;399;2025;
Honor;50 SE;191;8;16;108;MediaTek Dimensity 900;4000;0,304166667;449;2021;
Huawei;Nova 10 SE;184;8;16;108;Snapdragon 680 4G;4500;0,296527778;399;2022;
Oppo;K11x 128GB;195;8;16;108;Qualcomm Snapdragon 695;5000;0,3;199;2023;
Oppo;K11x 256GB;195;12;16;108;Qualcomm Snapdragon 695;5000;0,3;229;2023;
Oppo;K11x 128GB;195;8;16;108;Qualcomm Snapdragon 695;5000;0,3;199;2023;
Oppo;K11x 256GB;195;12;16;108;Qualcomm Snapdragon 695;5000;0,3;229;2023;
OnePlus;OnePlus Nord CE 3 Lite 128GB;195;8;16;108;Snapdragon 695;5000;0,3;299;2023;
POCO;X4 Pro 5G 128GB;205;6;16;108;Snapdragon 695;5000;0,296527778;299;2022;
POCO;X5 Pro 128GB;181;6;16;108;Snapdragon 778G;5000;0,296527778;329;2023;
Samsung;Galaxy Note 20 128GB;192;8;10;108;Exynos 990;4300;6.07;999;2020;
Samsung;Galaxy Note 20 256GB;192;8;10;108;Exynos 990;4300;6.07;1099;2020;
Samsung;Galaxy Note 20 Ultra 128GB;208;12;10;108;Exynos 990;4500;6.09;1299;2020;
Samsung;Galaxy Note 20 Ultra 256GB;208;12;10;108;Exynos 990;4500;6.09;1399;2020;
Samsung;Galaxy W22 5G 256GB;228;12;10;108;Snapdragon 888;4500;7.06;1499;2021;
Samsung;Galaxy W21 5G 256GB;229;12;10;108;Snapdragon 888;4500;7.06;1399;2020;
Samsung;Galaxy S22 Ultra 128GB;228;12;10;108;Exynos 2200;5000;6.08;1099;2022;
Samsung;Galaxy S22 Ultra 256GB;228;12;10;108;Exynos 2200;5000;6.08;1199;2022;
Honor;X50;185;6;8;108;Qualcomm Snapdragon 6 Gen 1;5800;0,304166667;299;2023;
Honor;X60;185;6;8;108;Qualcomm Snapdragon 6 Gen 1;5800;0,304166667;299;2023;
Honor;80 Pro;193;12;50;160;Qualcomm Snapdragon 8+ Gen 1;4800;0,304166667;799;2022;
Honor;80;180;8;32;160;Qualcomm Snapdragon 782G;4800;0,296527778;549;2022;
Motorola;Moto X50 Ultra 512GB;198;12;60;200;Snapdragon 8 Gen 3;5000;6.09;1499;2024;
Motorola;Edge 50 Ultra 512GB;198;12;60;200;Snapdragon 8 Gen 3;5000;6.09;1499;2024;
Honor;90;183;12;50;200;Qualcomm Snapdragon 7 Gen 1;5000;6.07;599;2023;
Honor;90 Pro;192;12;50;200;Qualcomm Snapdragon 8+ Gen 1;5000;0,304166667;699;2023;
Vivo;X200 Pro 256GB;223;16;32;200;Dimensity 9400;6000;0,304166667;1199;2024;
Vivo;X200 Pro 512GB;223;16;32;200;Dimensity 9400;6000;0,304166667;1299;2024;
Xiaomi;Redmi Note 14 Pro+ 5G 128GB;205;8;16;200;Snapdragon 7s Gen 3;5110;0,296527778;374;2024;
Samsung;Galaxy S24 Ultra 128GB;234;12;12;200;Exynos 2400;5000;6.08;1199;2024;
Samsung;Galaxy S24 Ultra 256GB;234;12;12;200;Exynos 2400;5000;6.08;1299;2024;
Samsung;Galaxy S23 Ultra 128GB;228;12;12;200;Snapdragon 8 Gen 2;5000;6.08;1199;2023;
Samsung;Galaxy S23 Ultra 256GB;228;12;12;200;Snapdragon 8 Gen 2;5000;6.08;1299;2023;
;;;;;;;;;;;
